complexity,loss,score,equation,sympy_format,lambda_format
3,22.623602,0.0,41.59379 + 41.995445,41.59379 + 41.995445,PySRFunction(X=>41.59379 + 41.995445)
9,22.44079,0.0013522354326259067,73.97697 + (7.787479 * (Zn - Fe)),7.787479*(-Fe + Zn) + 73.97697,PySRFunction(X=>7.787479*(-Fe + Zn) + 73.97697)
10,22.422272,0.0008255344252551487,((1.5593785 / 0.059878517) - (-1.688948 * P)) / 0.40752128,(-(-1)*1.688948*P + 1.5593785/0.059878517)/0.40752128,PySRFunction(X=>(-(-1)*1.688948*P + 1.5593785/0.059878517)/0.40752128)
11,19.85778,0.12145888070908804,(((Na + P) / 0.36191392) / 0.80227846) / 0.36191392,(Na + P)/(0.36191392*0.36191392*0.80227846),PySRFunction(X=>(Na + P)/(0.36191392*0.36191392*0.80227846))
12,18.88958,0.04998542261155516,((Silicon + (-0.20897813 * Retene)) * Silicon) - -48.626205,Silicon*(-0.20897813*Retene + Silicon) - 1*(-48.626205),PySRFunction(X=>Silicon*(-0.20897813*Retene + Silicon) - 1*(-48.626205))
13,18.75913,0.0069298800438151965,((((Silicon + P) / 0.36191392) / 0.80227846) / 0.36191392) + -0.32073966,(P + Silicon)/(0.36191392*0.36191392*0.80227846) - 0.32073966,PySRFunction(X=>(P + Silicon)/(0.36191392*0.36191392*0.80227846) - 0.32073966)
15,18.18528,0.015534045805150784,(((1.5593785 / 0.059878517) - Methoxymethylphenol) - ((-1.688948 + -1.688948) * P)) / 0.40752128,(-Methoxymethylphenol - P*(-1.688948 - 1.688948) + 1.5593785/0.059878517)/0.40752128,PySRFunction(X=>(-Methoxymethylphenol - P*(-1.688948 - 1.688948) + 1.5593785/0.059878517)/0.40752128)
17,17.02046,0.033098162909427464,((((1.2141079 / 0.110630825) - (P * (-0.9520997 + -1.6506364))) - Eugenol) / 0.20458317) + 0.6296699,(-Eugenol - P*(-1.6506364 - 0.9520997) + 1.2141079/0.110630825)/0.20458317 + 0.6296699,PySRFunction(X=>(-Eugenol - P*(-1.6506364 - 0.9520997) + 1.2141079/0.110630825)/0.20458317 + 0.6296699)
19,16.942627,0.0022916979324188176,((((4.078713 / 0.11028309) - (P * (-4.3844557 + -5.4423914))) - (Eugenol * 4.248017)) / 0.71811557) + 0.7357764,(-4.248017*Eugenol - P*(-5.4423914 - 4.3844557) + 4.078713/0.11028309)/0.71811557 + 0.7357764,PySRFunction(X=>(-4.248017*Eugenol - P*(-5.4423914 - 4.3844557) + 4.078713/0.11028309)/0.71811557 + 0.7357764)
