,Variable,Coefficient
56,Methoxymethyl phenol,-0.14345704316873517
59,Vanillin,-0.2867801081444361
55,Isoeugenol,-0.5136941181281643
