Input,Training RMSE,Test RMSE,Time Taken
Full,22.623604171540784,19.45109618305771,238.833966255188
PCA,22.623603970036083,19.44970226389607,232.1692295074463
Elastic,17.61386409282726,18.053237940516997,245.27919244766235
Albumin,4.140917667061442,3.800851812966982,255.75831985473633
