Input,Training RMSE,Test RMSE,Time Taken
Full,4.140917667061442,3.800851812966982,242.57990908622742
PCA,4.046980751107281,4.0434204770705096,252.23838877677917
Elastic,3.953950016975488,3.901118888056412,257.77040815353394
