chem,var_importance
Isoeugenol,3.227915519603631
Methoxymethylphenol,-58.03091716446861
Vanillin,-80.06326461873876
