chem,var_importance
Isoeugenol,-0.10078681929784396
Methoxymethylphenol,-1.1843254775407528
Vanillin,-1.4135848474037767
