chem,var_importance
PC_1,0.15109343517560578
PC_2,0.1284203207136963
PC_3,0.0
PC_4,-0.004652227969762419
