chem,var_importance
PC_2,10.629344326186475
PC_3,0.0
PC_4,-0.14359877
PC_1,-17.760393036446168
