chem,var_importance
Isoeugenol,-0.06940895184839989
Methoxymethylphenol,-1.1843733313325686
Vanillin,-1.4120240035705773
