chem,var_importance
PC_2,0.16641847484004457
PC_3,0.0
PC_4,-0.004490812009677088
PC_1,-0.12741327704696467
