complexity,loss,score,equation,sympy_format,lambda_format
3,22.357708,0.0,Ccl_6_74906 - -73.314735,Ccl_6_74906 - 1*(-73.314735),PySRFunction(X=>Ccl_6_74906 - 1*(-73.314735))
7,21.532612,0.009400628863333878,-4.0926566 * ((Stx_11_69405 + Slc_25_a_25_72214) * -1.3666822),-4.0926566*(Slc_25_a_25_72214 + Stx_11_69405)*(-1.3666822),PySRFunction(X=>-4.0926566*(Slc_25_a_25_72214 + Stx_11_69405)*(-1.3666822))
9,21.505941,0.0006197002816089131,(Il_18_31667 + -0.79059327) * ((Tspan_4_30708 + Srm_62972) + Cyp_1_a_1_29719),(Il_18_31667 - 0.79059327)*(Cyp_1_a_1_29719 + Srm_62972 + Tspan_4_30708),PySRFunction(X=>(Il_18_31667 - 0.79059327)*(Cyp_1_a_1_29719 + Srm_62972 + Tspan_4_30708))
13,20.732622,0.009155205184333721,(4.7946806 + ((((Il_18_31667 + Ifit_3_29860) + Arg_2_81876) * Fam_83_h_59213) + Gm_13889_55024)) + 1.8179021,Fam_83_h_59213*(Arg_2_81876 + Ifit_3_29860 + Il_18_31667) + Gm_13889_55024 + 1.8179021 + 4.7946806,PySRFunction(X=>Fam_83_h_59213*(Arg_2_81876 + Ifit_3_29860 + Il_18_31667) + Gm_13889_55024 + 1.8179021 + 4.7946806)
15,20.593243,0.0033726947634745677,(2.5139897 + (((((Rpl_3_l_76369 + Rhof_64396) + Ifit_3_29860) + Arg_2_81876) * Fam_83_h_59213) + Gm_13889_55024)) + -0.46646363,Fam_83_h_59213*(Arg_2_81876 + Ifit_3_29860 + Rhof_64396 + Rpl_3_l_76369) + Gm_13889_55024 - 0.46646363 + 2.5139897,PySRFunction(X=>Fam_83_h_59213*(Arg_2_81876 + Ifit_3_29860 + Rhof_64396 + Rpl_3_l_76369) + Gm_13889_55024 - 0.46646363 + 2.5139897)
19,20.334372,0.00316258902801781,((-2.2224672 * 1.4041166) / (-0.1249332 / 2.1655636)) + ((((Elovl_6_74600 * (Siglecf_71530 + 3.2026472)) - Ubash_3_a_72205) + -1.1466773) + 1.4598033),Elovl_6_74600*(Siglecf_71530 + 3.2026472) - Ubash_3_a_72205 - 1.1466773 + 1.4598033 - 2.2224672*1.4041166/(-0.1249332/2.1655636),PySRFunction(X=>Elovl_6_74600*(Siglecf_71530 + 3.2026472) - Ubash_3_a_72205 - 1.1466773 + 1.4598033 - 2.2224672*1.4041166/(-0.1249332/2.1655636))
