complexity,loss,score,equation,sympy_format,lambda_format
3,49.283966,0.0,38.857513 - -0.94725174,38.857513 - 1*(-0.94725174),PySRFunction(X=>38.857513 - 1*(-0.94725174))
4,22.13398,0.8004848106281716,Fosl_1_30439 + 79.06292,Fosl_1_30439 + 79.06292,PySRFunction(X=>Fosl_1_30439 + 79.06292)
9,18.542072,0.03541433440028662,((Cyp_1_a_1_29719 + 14.993874) * Csrnp_1_69505) - 38.857513,Csrnp_1_69505*(Cyp_1_a_1_29719 + 14.993874) - 1*38.857513,PySRFunction(X=>Csrnp_1_69505*(Cyp_1_a_1_29719 + 14.993874) - 1*38.857513)
11,18.430315,0.0030227245097612316,(((14.993874 + Cyp_1_a_1_29719) * Csrnp_1_69505) - 38.857513) - -0.61127883,Csrnp_1_69505*(Cyp_1_a_1_29719 + 14.993874) - 1*38.857513 - 1*(-0.61127883),PySRFunction(X=>Csrnp_1_69505*(Cyp_1_a_1_29719 + 14.993874) - 1*38.857513 - 1*(-0.61127883))
12,18.383812,0.0025263684636024552,(((Cyp_1_a_1_29719 + 14.993874) * Csrnp_1_69505) + Gm_3776_29765) - 38.857513,Csrnp_1_69505*(Cyp_1_a_1_29719 + 14.993874) + Gm_3776_29765 - 1*38.857513,PySRFunction(X=>Csrnp_1_69505*(Cyp_1_a_1_29719 + 14.993874) + Gm_3776_29765 - 1*38.857513)
14,18.027924,0.009774302807696044,((Cxcl_2_63751 + -0.10377364) + ((Cyp_1_a_1_29719 + 14.993874) * Csrnp_1_69505)) - 38.857513,Csrnp_1_69505*(Cyp_1_a_1_29719 + 14.993874) + Cxcl_2_63751 - 1*38.857513 - 0.10377364,PySRFunction(X=>Csrnp_1_69505*(Cyp_1_a_1_29719 + 14.993874) + Cxcl_2_63751 - 1*38.857513 - 0.10377364)
16,17.757322,0.007561975624477645,(((((Cyp_1_a_1_29719 / 1.1242324) + 14.993874) * Csrnp_1_69505) + Cxcl_2_63751) - 38.857513) + 1.3153121,Csrnp_1_69505*(Cyp_1_a_1_29719/1.1242324 + 14.993874) + Cxcl_2_63751 - 1*38.857513 + 1.3153121,PySRFunction(X=>Csrnp_1_69505*(Cyp_1_a_1_29719/1.1242324 + 14.993874) + Cxcl_2_63751 - 1*38.857513 + 1.3153121)
18,17.756586,2.072427512359749e-05,(0.6258487 + 0.50738287) + (((((Cyp_1_a_1_29719 / 1.1242324) + 14.993874) * Csrnp_1_69505) + Cxcl_2_63751) - 38.857513),Csrnp_1_69505*(Cyp_1_a_1_29719/1.1242324 + 14.993874) + Cxcl_2_63751 - 1*38.857513 + 0.50738287 + 0.6258487,PySRFunction(X=>Csrnp_1_69505*(Cyp_1_a_1_29719/1.1242324 + 14.993874) + Cxcl_2_63751 - 1*38.857513 + 0.50738287 + 0.6258487)
