complexity,loss,score,equation,sympy_format,lambda_format
3,82.437614,0.0,2.0153747 + 2.3013697,2.0153747 + 2.3013697,PySRFunction(X=>2.0153747 + 2.3013697)
4,22.13398,1.3149278290874407,Fosl_1_30439 + 79.06292,Fosl_1_30439 + 79.06292,PySRFunction(X=>Fosl_1_30439 + 79.06292)
11,20.224792,0.012886400809268476,(((Fam_83_h_59213 - -6.543012) + 6.41663) * Csrnp_1_69505) + -12.281385,Csrnp_1_69505*(Fam_83_h_59213 + 6.41663 - 1*(-6.543012)) - 12.281385,PySRFunction(X=>Csrnp_1_69505*(Fam_83_h_59213 + 6.41663 - 1*(-6.543012)) - 12.281385)
14,19.87297,0.005849553876975681,((Gdnf_29292 * (Tnip_1_29881 - (-2.000675 - Plaur_63645))) / 0.7900524) - 0.7900524,Gdnf_29292*(Tnip_1_29881 - (-Plaur_63645 - 2.000675))/0.7900524 - 1*0.7900524,PySRFunction(X=>Gdnf_29292*(Tnip_1_29881 - (-Plaur_63645 - 2.000675))/0.7900524 - 1*0.7900524)
15,18.768005,0.057206958637141425,((Gm_13889_55024 + -0.20615095) * (Atp_6_v_0_d_2_76694 + (Hsph_1_73551 * 0.5935368))) + Hsph_1_73551,Hsph_1_73551 + (Atp_6_v_0_d_2_76694 + Hsph_1_73551*0.5935368)*(Gm_13889_55024 - 0.20615095),PySRFunction(X=>Hsph_1_73551 + (Atp_6_v_0_d_2_76694 + Hsph_1_73551*0.5935368)*(Gm_13889_55024 - 0.20615095))
16,17.865295,0.04929355424856006,((((Cyp_1_a_1_29719 + 14.993874) - (-73.3125 / -166.82272)) * Csrnp_1_69505) + Cxcl_2_63751) - 38.857513,Csrnp_1_69505*(Cyp_1_a_1_29719 - (-1)*73.3125/(-166.82272) + 14.993874) + Cxcl_2_63751 - 1*38.857513,PySRFunction(X=>Csrnp_1_69505*(Cyp_1_a_1_29719 - (-1)*73.3125/(-166.82272) + 14.993874) + Cxcl_2_63751 - 1*38.857513)
