complexity,loss,score,equation,sympy_format,lambda_format
3,22.632656,0.0,Dcp_1_b_29958 - -78.88533,Dcp_1_b_29958 - 1*(-78.88533),PySRFunction(X=>Dcp_1_b_29958 - 1*(-78.88533))
9,17.867912,0.03939789010238217,3.726715 * (((Mt_2_76492 + Srm_62972) + Cyp_1_a_1_29719) + March_3_58049),3.726715*(Cyp_1_a_1_29719 + March_3_58049 + Mt_2_76492 + Srm_62972),PySRFunction(X=>3.726715*(Cyp_1_a_1_29719 + March_3_58049 + Mt_2_76492 + Srm_62972))
