complexity,loss,score,equation,sympy_format,lambda_format
3,22.410322,0.0,87.610344 - Rab_22_a_53860,87.610344 - Rab_22_a_53860,PySRFunction(X=>87.610344 - Rab_22_a_53860)
5,20.445038,0.04589072191751877,51.858498 + (Fosl_1_30439 * Plscr_4_55764),Fosl_1_30439*Plscr_4_55764 + 51.858498,PySRFunction(X=>Fosl_1_30439*Plscr_4_55764 + 51.858498)
9,17.867912,0.033683433496969006,3.726715 * (((Mt_2_76492 + Srm_62972) + Cyp_1_a_1_29719) + March_3_58049),3.726715*(Cyp_1_a_1_29719 + March_3_58049 + Mt_2_76492 + Srm_62972),PySRFunction(X=>3.726715*(Cyp_1_a_1_29719 + March_3_58049 + Mt_2_76492 + Srm_62972))
13,17.751308,0.0016368187812157136,(3.726715 * ((((Mt_2_76492 + 0.56758106) + Srm_62972) + Cyp_1_a_1_29719) + March_3_58049)) - Kcnj_5_59968,-Kcnj_5_59968 + 3.726715*(Cyp_1_a_1_29719 + March_3_58049 + Mt_2_76492 + Srm_62972 + 0.56758106),PySRFunction(X=>-Kcnj_5_59968 + 3.726715*(Cyp_1_a_1_29719 + March_3_58049 + Mt_2_76492 + Srm_62972 + 0.56758106))
15,17.034126,0.020620229842494404,(3.726715 * (((Cyp_1_a_1_29719 + (Srm_62972 + (Mt_2_76492 + Tspan_4_30708))) - Hcn_2_57591) + March_3_58049)) - Cyp_1_a_1_29719,-Cyp_1_a_1_29719 + 3.726715*(Cyp_1_a_1_29719 - Hcn_2_57591 + March_3_58049 + Mt_2_76492 + Srm_62972 + Tspan_4_30708),PySRFunction(X=>-Cyp_1_a_1_29719 + 3.726715*(Cyp_1_a_1_29719 - Hcn_2_57591 + March_3_58049 + Mt_2_76492 + Srm_62972 + Tspan_4_30708))
17,16.252365,0.023490153507352722,(4.5982666 * (((Cyp_1_a_1_29719 + (Srm_62972 + (Mt_2_76492 + Tspan_4_30708))) - (Hcn_2_57591 - -8.077146)) + Ccdc_186_58520)) - Socs_3_79479,-Socs_3_79479 + 4.5982666*(Ccdc_186_58520 + Cyp_1_a_1_29719 + Mt_2_76492 + Srm_62972 + Tspan_4_30708 - (Hcn_2_57591 - 1*(-8.077146))),PySRFunction(X=>-Socs_3_79479 + 4.5982666*(Ccdc_186_58520 + Cyp_1_a_1_29719 + Mt_2_76492 + Srm_62972 + Tspan_4_30708 - (Hcn_2_57591 - 1*(-8.077146))))
19,15.894943,0.011118714162299105,(2.7349653 * ((((Cyp_1_a_1_29719 + (Srm_62972 + (Mt_2_76492 + Tspan_4_30708))) - (Hcn_2_57591 - -1.8406402)) + March_3_58049) ^ 1.1054324)) - Asb_14_29409,-Asb_14_29409 + 2.7349653*(Cyp_1_a_1_29719 + March_3_58049 + Mt_2_76492 + Srm_62972 + Tspan_4_30708 - (Hcn_2_57591 - 1*(-1.8406402)))**1.1054324,PySRFunction(X=>-Asb_14_29409 + 2.7349653*(Cyp_1_a_1_29719 + March_3_58049 + Mt_2_76492 + Srm_62972 + Tspan_4_30708 - (Hcn_2_57591 - 1*(-1.8406402)))**1.1054324)
