complexity,loss,score,equation,sympy_format,lambda_format
3,22.316479,0.0,79.3982 + Ccl_7_30624,Ccl_7_30624 + 79.3982,PySRFunction(X=>Ccl_7_30624 + 79.3982)
5,20.445038,0.043792580856523856,51.858498 + (Fosl_1_30439 * Plscr_4_55764),Fosl_1_30439*Plscr_4_55764 + 51.858498,PySRFunction(X=>Fosl_1_30439*Plscr_4_55764 + 51.858498)
7,19.20893,0.031182468693519295,79.3982 - (Ccl_17_77970 * (Tacr_1_72530 - Igkv_16104_74538)),79.3982 - Ccl_17_77970*(-Igkv_16104_74538 + Tacr_1_72530),PySRFunction(X=>79.3982 - Ccl_17_77970*(-Igkv_16104_74538 + Tacr_1_72530))
9,17.867912,0.036184398300418745,3.726715 * (((Mt_2_76492 + Srm_62972) + Cyp_1_a_1_29719) + March_3_58049),3.726715*(Cyp_1_a_1_29719 + March_3_58049 + Mt_2_76492 + Srm_62972),PySRFunction(X=>3.726715*(Cyp_1_a_1_29719 + March_3_58049 + Mt_2_76492 + Srm_62972))
13,17.0049,0.012376235163406512,(((((8.340948 - Asb_14_29409) + Sfn_31323) + Sfn_31323) ^ 1.5262839) + Fpr_1_30738) - Asb_14_29409,-Asb_14_29409 + Fpr_1_30738 + (-Asb_14_29409 + Sfn_31323 + Sfn_31323 + 8.340948)**1.5262839,PySRFunction(X=>-Asb_14_29409 + Fpr_1_30738 + (-Asb_14_29409 + Sfn_31323 + Sfn_31323 + 8.340948)**1.5262839)
15,16.985828,0.0005610942490392253,(((((8.340948 - Asb_14_29409) + Sfn_31323) + (Sfn_31323 + 0.07709797)) ^ 1.5262839) + Fpr_1_30738) - Asb_14_29409,-Asb_14_29409 + Fpr_1_30738 + (-Asb_14_29409 + Sfn_31323 + Sfn_31323 + 0.07709797 + 8.340948)**1.5262839,PySRFunction(X=>-Asb_14_29409 + Fpr_1_30738 + (-Asb_14_29409 + Sfn_31323 + Sfn_31323 + 0.07709797 + 8.340948)**1.5262839)
17,16.21892,0.023100443656822685,(((Elovl_6_74600 * Hist_1_h_2_bc_29206) - ((Fpr_1_30738 + Ptpn_1_29137) / -0.1660381)) + Umad_1_66790) - ((Dusp_11_79084 ^ 1.3426769) ^ 1.3426769),Elovl_6_74600*Hist_1_h_2_bc_29206 + Umad_1_66790 - (Fpr_1_30738 + Ptpn_1_29137)/(-0.1660381) - (Dusp_11_79084**1.3426769)**1.3426769,PySRFunction(X=>Elovl_6_74600*Hist_1_h_2_bc_29206 + Umad_1_66790 - (Fpr_1_30738 + Ptpn_1_29137)/(-0.1660381) - (Dusp_11_79084**1.3426769)**1.3426769)
19,15.894943,0.010088726841902804,(2.7349653 * ((((Cyp_1_a_1_29719 + (Srm_62972 + (Mt_2_76492 + Tspan_4_30708))) - (Hcn_2_57591 - -1.8406402)) + March_3_58049) ^ 1.1054324)) - Asb_14_29409,-Asb_14_29409 + 2.7349653*(Cyp_1_a_1_29719 + March_3_58049 + Mt_2_76492 + Srm_62972 + Tspan_4_30708 - (Hcn_2_57591 - 1*(-1.8406402)))**1.1054324,PySRFunction(X=>-Asb_14_29409 + 2.7349653*(Cyp_1_a_1_29719 + March_3_58049 + Mt_2_76492 + Srm_62972 + Tspan_4_30708 - (Hcn_2_57591 - 1*(-1.8406402)))**1.1054324)
