complexity,loss,score,equation,sympy_format,lambda_format
3,22.357708,0.0,Ccl_6_74906 - -73.314735,Ccl_6_74906 - 1*(-73.314735),PySRFunction(X=>Ccl_6_74906 - 1*(-73.314735))
5,22.245064,0.0025254986278974764,(86.73398 - Rgs_22_79648) + 1.1708899,-Rgs_22_79648 + 1.1708899 + 86.73398,PySRFunction(X=>-Rgs_22_79648 + 1.1708899 + 86.73398)
7,21.532612,0.016275759098770326,-4.0926566 * ((Stx_11_69405 + Slc_25_a_25_72214) * -1.3666822),-4.0926566*(Slc_25_a_25_72214 + Stx_11_69405)*(-1.3666822),PySRFunction(X=>-4.0926566*(Slc_25_a_25_72214 + Stx_11_69405)*(-1.3666822))
9,21.505941,0.0006197002816089131,(Il_18_31667 + -0.79059327) * ((Tspan_4_30708 + Srm_62972) + Cyp_1_a_1_29719),(Il_18_31667 - 0.79059327)*(Cyp_1_a_1_29719 + Srm_62972 + Tspan_4_30708),PySRFunction(X=>(Il_18_31667 - 0.79059327)*(Cyp_1_a_1_29719 + Srm_62972 + Tspan_4_30708))
11,19.961832,0.037253586152766124,((23.475628 + Ccl_6_74906) + Myrf_65894) - (-95.79681 + (Rgs_22_79648 * 10.99694)),Ccl_6_74906 + Myrf_65894 - (Rgs_22_79648*10.99694 - 95.79681) + 23.475628,PySRFunction(X=>Ccl_6_74906 + Myrf_65894 - (Rgs_22_79648*10.99694 - 95.79681) + 23.475628)
