complexity,loss,score,equation,sympy_format,lambda_format
3,22.632656,0.0,Dcp_1_b_29958 - -78.88533,Dcp_1_b_29958 - 1*(-78.88533),PySRFunction(X=>Dcp_1_b_29958 - 1*(-78.88533))
5,22.136368,0.011085976118464801,(44.09667 - Asb_14_29409) - -43.631603,-Asb_14_29409 - 1*(-43.631603) + 44.09667,PySRFunction(X=>-Asb_14_29409 - 1*(-43.631603) + 44.09667)
7,20.623825,0.0353874529742855,((Serpina_3_n_29367 * Txnrd_1_72590) + 27.963854) + Bhlhe_41_56554,Bhlhe_41_56554 + Serpina_3_n_29367*Txnrd_1_72590 + 27.963854,PySRFunction(X=>Bhlhe_41_56554 + Serpina_3_n_29367*Txnrd_1_72590 + 27.963854)
9,17.867912,0.07172024121439617,3.726715 * (((Mt_2_76492 + Srm_62972) + Cyp_1_a_1_29719) + March_3_58049),3.726715*(Cyp_1_a_1_29719 + March_3_58049 + Mt_2_76492 + Srm_62972),PySRFunction(X=>3.726715*(Cyp_1_a_1_29719 + March_3_58049 + Mt_2_76492 + Srm_62972))
13,17.751308,0.0016368187812157136,(3.726715 * ((((Mt_2_76492 + 0.56758106) + Srm_62972) + Cyp_1_a_1_29719) + March_3_58049)) - Kcnj_5_59968,-Kcnj_5_59968 + 3.726715*(Cyp_1_a_1_29719 + March_3_58049 + Mt_2_76492 + Srm_62972 + 0.56758106),PySRFunction(X=>-Kcnj_5_59968 + 3.726715*(Cyp_1_a_1_29719 + March_3_58049 + Mt_2_76492 + Srm_62972 + 0.56758106))
15,17.661947,0.002523382548919503,((3.726715 * (((Mt_2_76492 + Srm_62972) + Cyp_1_a_1_29719) + (March_3_58049 + 1.4933354))) - Kcnj_5_59968) - AC_1324446_82305,-AC_1324446_82305 - Kcnj_5_59968 + 3.726715*(Cyp_1_a_1_29719 + March_3_58049 + Mt_2_76492 + Srm_62972 + 1.4933354),PySRFunction(X=>-AC_1324446_82305 - Kcnj_5_59968 + 3.726715*(Cyp_1_a_1_29719 + March_3_58049 + Mt_2_76492 + Srm_62972 + 1.4933354))
17,17.35935,0.008640586057269618,((4.0268097 * (((Mt_2_76492 + (Srm_62972 * 2.649804)) + Cyp_1_a_1_29719) + (March_3_58049 + -6.5264792))) - Gbp_4_67875) - Kcnj_5_59968,-Gbp_4_67875 - Kcnj_5_59968 + 4.0268097*(Cyp_1_a_1_29719 + March_3_58049 + Mt_2_76492 + Srm_62972*2.649804 - 6.5264792),PySRFunction(X=>-Gbp_4_67875 - Kcnj_5_59968 + 4.0268097*(Cyp_1_a_1_29719 + March_3_58049 + Mt_2_76492 + Srm_62972*2.649804 - 6.5264792))
