complexity,loss,score,equation,sympy_format,lambda_format
3,36.157333,0.0,mtNd_3_82089 * Sema_3_c_68751,Sema_3_c_68751*mtNd_3_82089,PySRFunction(X=>Sema_3_c_68751*mtNd_3_82089)
5,22.829449,0.22991422596634137,(-2.487967 / 0.8817351) / -0.03256474,-2.487967/((-0.03256474)*0.8817351),PySRFunction(X=>-2.487967/((-0.03256474)*0.8817351))
7,22.402906,0.009430321375441014,(-1.5660714 / -0.19377007) * (Socs_3_31487 + Btbd_9_60652),-1.5660714*(Btbd_9_60652 + Socs_3_31487)/(-0.19377007),PySRFunction(X=>-1.5660714*(Btbd_9_60652 + Socs_3_31487)/(-0.19377007))
9,21.505941,0.020430730022617055,(Il_18_31667 + -0.79059327) * ((Tspan_4_30708 + Srm_62972) + Cyp_1_a_1_29719),(Il_18_31667 - 0.79059327)*(Cyp_1_a_1_29719 + Srm_62972 + Tspan_4_30708),PySRFunction(X=>(Il_18_31667 - 0.79059327)*(Cyp_1_a_1_29719 + Srm_62972 + Tspan_4_30708))
19,21.345072,0.0007508329184588634,((-2.295869 * 1.9790434) / (-0.10955962 / 1.8818095)) + ((Umad_1_66790 * (Tnip_1_29881 - 2.5425434)) - (Lgr_4_56873 + (0.91149586 + -1.8319136))),Umad_1_66790*(Tnip_1_29881 - 1*2.5425434) - (Lgr_4_56873 - 1.8319136 + 0.91149586) - 2.295869*1.9790434/(-0.10955962/1.8818095),PySRFunction(X=>Umad_1_66790*(Tnip_1_29881 - 1*2.5425434) - (Lgr_4_56873 - 1.8319136 + 0.91149586) - 2.295869*1.9790434/(-0.10955962/1.8818095))
