HOF equation,Train RMSE,Test RMSE
1,22.623603969998108,19.449673217930084
2,20.24049214568824,17.11350489349006
3,20.232738905593894,18.756918290805427
4,19.737543484536413,17.767522986433768
5,19.099143429157966,21.714795588864686
6,19.071997892108385,22.443255618667617
7,18.84719578095415,24.028263040532774
8,17.3148103513708,32.01704735111001
9,16.814150541064496,47.83105190312366
10,16.81348007816971,47.565294116681535
