Feature,Importance
PC2,0.5416173218681346
PC4,0.23871077703306978
PC3,0.12763445260543904
PC1,0.09203744849335645
