Feature,Importance
PC2,0.5043047122161521
PC1,0.19934273665169402
PC3,0.1501492834513634
PC4,0.14620326768079045
