Feature,Importance
PC2,0.6147940790473316
PC3,0.16055058989442939
PC1,0.1296132237170323
PC4,0.09504210734120674
