Training RMSE,Test RMSE,Time Taken
8.154978446116749,16.48881773416479,17.649052143096924
8.681367303962155,20.084256210862634,3.634636878967285
7.038850192836789,15.771223950525286,4.486780166625977
