Training RMSE,Test RMSE,Time Taken
8.154978446116749,16.48881773416479,18.09693479537964
8.682011329811766,20.09070927142779,3.8051538467407227
7.038850192836789,15.771223950525286,4.646874904632568
