Training RMSE,Test RMSE,Time Taken
8.154978446116749,16.48881773416479,17.82571005821228
8.682011329811766,20.08369937562784,3.5102028846740723
7.038850192836789,15.771223950525286,4.562758445739746
