Training RMSE,Test RMSE,Time Taken
8.154978446116749,16.48881773416479,17.531939268112183
6.804818258556012,22.485326095175658,3.4459729194641113
7.038850192836789,15.771223950525286,4.5419416427612305
