Training RMSE,Test RMSE,Time Taken
8.154978446116749,16.48881773416479,24.099729299545288
6.804818258556012,22.485326095175658,4.946868658065796
7.640805078278935,15.854478405043057,12.934946775436401
