Training RMSE,Test RMSE,Time Taken
10.579679788502105,29.4548481438387,8306.02957868576
10.58515721600454,29.35333204501862,9685.25962805748
10.579871842722948,29.350265540393398,10937.097197055817
