chem,var_importance,tot_instances,uniq_instances
PC_2,270.5554328074445,13482,171
PC_4,11.823784133743715,3360,60
PC_3,0.0,157,3
PC_1,-7.890289733565405,4762,56
