Input,Training RMSE,Test RMSE,Time Taken
Full,17.819725687929918,18.01119329536786,0.19938993453979492
PCA,21.122811903893037,17.759584341624524,0.16681551933288574
