Input,Training RMSE,Test RMSE,Time Taken
Full,17.819725674929316,18.01136776330317,250.01793956756592
PCA,21.122811903915803,17.759568273962156,261.20912194252014
