Input,Training RMSE,Test RMSE,Time Taken
Full,22.62360396999527,19.44968727241049,234.12289929389954
PCA,19.56407119161071,17.94357340403865,232.9419538974762
Lasso,22.623604002878757,19.450252760963345,261.69435477256775
