Input,Training RMSE,Test RMSE,Time Taken
Full,17.819725670367013,18.01166012822898,0.25906896591186523
