Input,Training RMSE,Test RMSE,Time Taken
Full,22.623604171540784,19.45109618305771,258.34656167030334
PCA,22.623603970036083,19.44970226389607,254.36602973937988
Elastic,22.623603970002453,19.449670875520187,259.9290316104889
