Input,Training RMSE,Test RMSE,Time Taken
Full,22.62360396999527,19.44968727241049,234.12289929389954
