Input,Training RMSE,Test RMSE,Time Taken
Full,20.55660213764674,17.415997561100525,0.25664210319519043
