Input,Training RMSE,Test RMSE,Time Taken
Full,17.826620148356504,18.25058675984874,0.25070858001708984
