Input,Training RMSE,Test RMSE,Time Taken
Full,17.819725674929316,18.01136776330317,127.36319398880005
PCA,21.122811903925,17.759600409337445,121.95784187316895
Lasso,22.623604068027227,19.448694646435815,124.76665449142456
