Training RMSE,Test RMSE,Time Taken
13.750469311719312,30.082704609326814,845.5317680835724
13.994261695014055,29.996140800399164,831.5311110019684
16.03692319618795,26.840496959403865,831.1878819465637
