Input,Training RMSE,Test RMSE,Time Taken
Full,22.623604171540784,19.45109618305771,244.29178953170776
PCA,22.623603970036083,19.44970226389607,238.12442088127136
elastic,17.61386409282726,18.053237940516997,450.90138244628906
