Input,Training RMSE,Test RMSE,Time Taken
Full,17.819725674929316,18.01136776330317,250.01793956756592
