Input,Training RMSE,Test RMSE,Time Taken
Full,17.819725670197723,18.01149979702102,50.19860887527466
PCA,19.219859198611672,19.81655365373958,45.00029683113098
Lasso,18.454531628139467,19.37969744708752,42.574867725372314
