complexity,loss,score,equation,sympy_format,lambda_format
1,22.6236,0.0,83.58715,83.5871500000000,PySRFunction(X=>83.5871500000000)
5,18.45453,0.05092093510343957,94.3807 * (Isoeugenol ^ -0.05638224),94.3807/Isoeugenol**0.05638224,PySRFunction(X=>94.3807/Isoeugenol**0.05638224)
7,17.887583,0.015601541910514258,(-12.794095 * (Isoeugenol ^ 0.20018607)) - -107.60628,-12.794095*Isoeugenol**0.20018607 - 1*(-107.60628),PySRFunction(X=>-12.794095*Isoeugenol**0.20018607 - 1*(-107.60628))
9,17.611809,0.007768571013702278,(-20.137905 * ((Isoeugenol / Na) ^ 0.28066322)) - -98.04086,-20.137905*(Isoeugenol/Na)**0.28066322 - 1*(-98.04086),PySRFunction(X=>-20.137905*(Isoeugenol/Na)**0.28066322 - 1*(-98.04086))
11,17.590525,0.0006046190742227009,(((Isoeugenol / (Na + -15.804693)) ^ 0.31497332) * -16.445818) - -96.89079,(Isoeugenol/(Na - 15.804693))**0.31497332*(-16.445818) - 1*(-96.89079),PySRFunction(X=>(Isoeugenol/(Na - 15.804693))**0.31497332*(-16.445818) - 1*(-96.89079))
13,17.285583,0.008743801668250539,(((Isoeugenol / (Na + (Silicon * -0.28058562))) ^ 0.43028596) * -11.181028) - -95.62843,(Isoeugenol/(Na + Silicon*(-0.28058562)))**0.43028596*(-11.181028) - 1*(-95.62843),PySRFunction(X=>(Isoeugenol/(Na + Silicon*(-0.28058562)))**0.43028596*(-11.181028) - 1*(-95.62843))
15,17.282684,8.386304140720783e-05,(-11.1810465 * (((Isoeugenol / (Na + (Silicon * -0.28057656))) - -0.0017267207) ^ 0.430432)) - -95.62837,-11.1810465*(Isoeugenol/(Na + Silicon*(-0.28057656)) - 1*(-0.0017267207))**0.430432 - 1*(-95.62837),PySRFunction(X=>-11.1810465*(Isoeugenol/(Na + Silicon*(-0.28057656)) - 1*(-0.0017267207))**0.430432 - 1*(-95.62837))
17,17.104952,0.00516853157991814,(((Isoeugenol / (Na + ((Silicon + (Na / Isoeugenol)) * -0.29091576))) ^ 0.29583758) * -17.065763) - -99.25019,(Isoeugenol/(Na + (Silicon + Na/Isoeugenol)*(-0.29091576)))**0.29583758*(-17.065763) - 1*(-99.25019),PySRFunction(X=>(Isoeugenol/(Na + (Silicon + Na/Isoeugenol)*(-0.29091576)))**0.29583758*(-17.065763) - 1*(-99.25019))
19,16.905651,0.005860033746728742,(((Isoeugenol / (Na + (((Silicon + (Na / Isoeugenol)) * -0.28058562) * 1.0419962))) ^ 0.29583758) * -17.065763) - -99.25019,(Isoeugenol/(Na + (Silicon + Na/Isoeugenol)*(-0.28058562)*1.0419962))**0.29583758*(-17.065763) - 1*(-99.25019),PySRFunction(X=>(Isoeugenol/(Na + (Silicon + Na/Isoeugenol)*(-0.28058562)*1.0419962))**0.29583758*(-17.065763) - 1*(-99.25019))
