Input,Training RMSE,Test RMSE,Time Taken
Full,22.623604171540784,19.45109618305771,237.27547645568848
PCA,22.623603970036083,19.44970226389607,232.10809969902039
Elastic,22.623603970002453,19.449670875520187,246.21384930610657
