chem,var_importance
PC_3,167.299185421056
PC_2,157.69177205467074
PC_4,11.000000000000002
PC_1,-95.05385804372212
