chem,var_importance
PC_3,7.129202914281948
PC_2,3.1365092731040374
PC_4,1.0000000000000002
PC_1,-1.5215146100272168
