chem,var_importance
P,29.131222586430976
K,25.56066076140475
Syringealdehyde,20.131918146807262
Silicon,9.57881876281965
Guaiacol,3.45904901057362
Methoxymethylphenol,1.0
Fe,-2.5345814568840903
Retene,-2.723906723612897
Isoeugenol,-9.399012840329844
Vanillin,-9.620079257920027
Zn,-20.883676819708484
Eugenol,-21.259256014003583
Na,-39.62039030546383
