chem,var_importance
P,2106.8449853205952
Silicon,179.12852307501342
K,159.90360035478943
Zn,18.303142636489863
Syringealdehyde,11.224846199912463
Methoxymethylphenol,-1.45385958740609
Fe,-6.48258526811011
Guaiacol,-7.115457284822775
Retene,-46.339077229406506
Ethylguaiacol,-73.65513601654345
Vanillin,-118.40216814113226
Isoeugenol,-163.37208474970234
Na,-264.5612792334192
Eugenol,-594.7483805421101
