complexity,loss,score,equation,sympy_format,lambda_format
1,85.77422,0.0,0.8523817,0.852381700000000,PySRFunction(X=>0.852381700000000)
2,81.26408,0.05401439664027582,Cdkn_2_a_67661,Cdkn_2_a_67661,PySRFunction(X=>Cdkn_2_a_67661)
3,22.623602,1.2787104008825045,29.061584 + 54.527565,29.061584 + 54.527565,PySRFunction(X=>29.061584 + 54.527565)
7,20.393381,0.025945827551147254,(K * Zfp_994_73585) + 57.955612,K*Zfp_994_73585 + 57.955612,PySRFunction(X=>K*Zfp_994_73585 + 57.955612)
9,17.010786,0.09068138698199245,(Isoeugenol * (2.5692449 - mtNd_3_82089)) + 99.47671,Isoeugenol*(2.5692449 - mtNd_3_82089) + 99.47671,PySRFunction(X=>Isoeugenol*(2.5692449 - mtNd_3_82089) + 99.47671)
14,14.310857,0.03456582669757456,((Hist_1_h_2_bc_29206 * 11.508469) + (Isoeugenol * (-0.02438505 - mtNd_3_82089))) + 1.9237518,Hist_1_h_2_bc_29206*11.508469 + Isoeugenol*(-mtNd_3_82089 - 0.02438505) + 1.9237518,PySRFunction(X=>Hist_1_h_2_bc_29206*11.508469 + Isoeugenol*(-mtNd_3_82089 - 0.02438505) + 1.9237518)
16,13.985675,0.011492444238384086,((Tgm_1_60333 * ((Atp_6_v_0_d_2_76694 + Cyp_1_a_1_79654) - Mettl_14_68520)) - -45.97706) - Coniferylaldehyde,-Coniferylaldehyde + Tgm_1_60333*(Atp_6_v_0_d_2_76694 + Cyp_1_a_1_79654 - Mettl_14_68520) - 1*(-45.97706),PySRFunction(X=>-Coniferylaldehyde + Tgm_1_60333*(Atp_6_v_0_d_2_76694 + Cyp_1_a_1_79654 - Mettl_14_68520) - 1*(-45.97706))
17,13.412284,0.041862588041544545,((11.508469 * Hist_1_h_2_bc_29206) + (Isoeugenol * (-0.010931526 - mtNd_3_82089))) + (-0.88941216 + Arf_1_31811),Arf_1_31811 + 11.508469*Hist_1_h_2_bc_29206 + Isoeugenol*(-mtNd_3_82089 - 0.010931526) - 0.88941216,PySRFunction(X=>Arf_1_31811 + 11.508469*Hist_1_h_2_bc_29206 + Isoeugenol*(-mtNd_3_82089 - 0.010931526) - 0.88941216)
20,13.326922,0.002128267882168597,(1.5964117 * ((((Hist_1_h_2_bc_29206 / Eugenol) + 1.5964117) + Cyp_1_a_1_79654) + (Plscr_4_55764 * Kbtbd_7_76521))) + 1.6875511,1.5964117*(Cyp_1_a_1_79654 + Kbtbd_7_76521*Plscr_4_55764 + 1.5964117 + Hist_1_h_2_bc_29206/Eugenol) + 1.6875511,PySRFunction(X=>1.5964117*(Cyp_1_a_1_79654 + Kbtbd_7_76521*Plscr_4_55764 + 1.5964117 + Hist_1_h_2_bc_29206/Eugenol) + 1.6875511)
