complexity,loss,score,equation,sympy_format,lambda_format
1,85.98262,0.0,0.6363561,0.636356100000000,PySRFunction(X=>0.636356100000000)
3,82.90647,0.018216038936257214,1.6923866 + 2.1368902,1.6923866 + 2.1368902,PySRFunction(X=>1.6923866 + 2.1368902)
4,22.656742,1.2972556372529593,78.220436 + Ccdc_186_58520,Ccdc_186_58520 + 78.220436,PySRFunction(X=>Ccdc_186_58520 + 78.220436)
10,21.598131,0.007975114085438986,(((1.5593785 - -1.1590991) - -2.6791575) / 0.059878517) - Isoeugenol,-Isoeugenol + (-1*(-1.1590991) + 1.5593785 - 1*(-2.6791575))/0.059878517,PySRFunction(X=>-Isoeugenol + (-1*(-1.1590991) + 1.5593785 - 1*(-2.6791575))/0.059878517)
11,21.587114,0.0005102205736703924,(2.0153747 + (0.70774764 ^ 0.5123043)) * (Plscr_4_55764 * Tgm_1_60333),Plscr_4_55764*Tgm_1_60333*(0.70774764**0.5123043 + 2.0153747),PySRFunction(X=>Plscr_4_55764*Tgm_1_60333*(0.70774764**0.5123043 + 2.0153747))
12,20.66988,0.043418994433341566,(((-2.0207913 - 3.4577346) - Myc_30907) * -8.549666) - (-2.0538878 - 2.027197),(-Myc_30907 - 1*3.4577346 - 2.0207913)*(-8.549666) - (-2.0538878 - 1*2.027197),PySRFunction(X=>(-Myc_30907 - 1*3.4577346 - 2.0207913)*(-8.549666) - (-2.0538878 - 1*2.027197))
13,20.290583,0.018520681370466863,(((Myc_30907 * Cdkn_2_a_67661) / 1.0260092) + (-3.3116064 / -0.21886009)) / 0.4179652,(Cdkn_2_a_67661*Myc_30907/1.0260092 - 3.3116064/(-0.21886009))/0.4179652,PySRFunction(X=>(Cdkn_2_a_67661*Myc_30907/1.0260092 - 3.3116064/(-0.21886009))/0.4179652)
14,15.401253,0.2757080170450124,((Isoeugenol * (K - 8.371862)) + (11.185252 * Hist_1_h_2_bc_29206)) + -0.1525836,11.185252*Hist_1_h_2_bc_29206 + Isoeugenol*(K - 1*8.371862) - 0.1525836,PySRFunction(X=>11.185252*Hist_1_h_2_bc_29206 + Isoeugenol*(K - 1*8.371862) - 0.1525836)
