Feature,Importance
PC2,0.47610538173590033
PC1,0.349669795377564
PC3,0.11185089345338574
PC4,0.062373929433149934
