Feature,Importance
P,0.28022816039977294
Eugenol,0.11810753488657595
Retene,0.08534520395259677
Isoeugenol,0.08415396206432102
Guaiacol,0.08378026620111009
Vanillin,0.07973316914350724
Si,0.07397948262827415
K,0.03930263615489374
Zn,0.036833491216811697
Fe,0.028683614388760707
Methoxymethyl phenol,0.027019606083919432
Na,0.024413721392729796
Ethylguaiacol,0.02147673926764566
Syringealdehyde,0.016942412219080823
