complexity,loss,score,equation,sympy_format,lambda_format
3,4.667609,0.0,14.871651 + 3.8312528,3.8312528 + 14.871651,PySRFunction(X=>3.8312528 + 14.871651)
6,4.187662,0.03616812205456812,18.860188 + (-0.42323586 * PC_1),18.860188 - 0.42323586*PC_1,PySRFunction(X=>18.860188 - 0.42323586*PC_1)
8,4.1663084,0.0025561075133666965,((-9.370377 / PC_1) + 9.829803) - -8.726899,-1*(-8.726899) + 9.829803 - 9.370377/PC_1,PySRFunction(X=>-1*(-8.726899) + 9.829803 - 9.370377/PC_1)
9,4.087152,0.019181972959029393,(0.23527516 * (PC_2 - PC_1)) + 18.70413,0.23527516*(-PC_1 + PC_2) + 18.70413,PySRFunction(X=>0.23527516*(-PC_1 + PC_2) + 18.70413)
11,4.0218387,0.008054604431841465,18.70413 + (0.23527516 * (PC_2 - (PC_1 / 0.6866648))),0.23527516*(-PC_1/0.6866648 + PC_2) + 18.70413,PySRFunction(X=>0.23527516*(-PC_1/0.6866648 + PC_2) + 18.70413)
18,3.9902341,0.0011270407515347248,(((PC_1 * ((10.56595 - PC_2) - -1.1445035)) / -19.143002) - (0.14525692 / PC_3)) - -18.196957,PC_1*(-PC_2 - 1*(-1.1445035) + 10.56595)/(-19.143002) - 1*(-18.196957) - 0.14525692/PC_3,PySRFunction(X=>PC_1*(-PC_2 - 1*(-1.1445035) + 10.56595)/(-19.143002) - 1*(-18.196957) - 0.14525692/PC_3)
20,3.961395,0.003626832449830806,((((PC_1 * (14.108024 - PC_2)) / -24.02812) - -18.994926) - (0.13060908 / PC_3)) - (0.31802335 + 0.44814336),PC_1*(14.108024 - PC_2)/(-24.02812) - (0.31802335 + 0.44814336) - 1*(-18.994926) - 0.13060908/PC_3,PySRFunction(X=>PC_1*(14.108024 - PC_2)/(-24.02812) - (0.31802335 + 0.44814336) - 1*(-18.994926) - 0.13060908/PC_3)
