complexity,loss,score,equation,sympy_format,lambda_format
3,80.28873,0.0,3.2769327 + 3.2769327,3.2769327 + 3.2769327,PySRFunction(X=>3.2769327 + 3.2769327)
5,22.623602,0.633317782394428,(27.829657 - -27.880047) - -27.880047,27.829657 - 1*(-27.880047) - 1*(-27.880047),PySRFunction(X=>27.829657 - 1*(-27.880047) - 1*(-27.880047))
6,21.195595,0.0652003205524405,(1.6797875 * PC_2) + 83.5887,1.6797875*PC_2 + 83.5887,PySRFunction(X=>1.6797875*PC_2 + 83.5887)
16,19.69547,0.0073404717006232325,((((((2.428727 - 0.73334175) / 0.16681091) + 2.8070188) / 0.28865033) - PC_1) / 0.5536613) + 2.428727,(-PC_1 + (2.8070188 + (2.428727 - 1*0.73334175)/0.16681091)/0.28865033)/0.5536613 + 2.428727,PySRFunction(X=>(-PC_1 + (2.8070188 + (2.428727 - 1*0.73334175)/0.16681091)/0.28865033)/0.5536613 + 2.428727)
17,18.320024,0.07239399077419006,((((((2.428727 - 0.6635709) / 0.16681091) + 2.8070188) / 0.28865033) - PC_1) / 0.5536613) + PC_2,PC_2 + (-PC_1 + (2.8070188 + (2.428727 - 1*0.6635709)/0.16681091)/0.28865033)/0.5536613,PySRFunction(X=>PC_2 + (-PC_1 + (2.8070188 + (2.428727 - 1*0.6635709)/0.16681091)/0.28865033)/0.5536613)
19,18.319061,2.6283407465567708e-05,(PC_2 + ((((((2.428727 - 0.73334175) / 0.16681091) + 2.8070188) / 0.28865033) - PC_1) / 0.5536613)) + 2.428727,PC_2 + (-PC_1 + (2.8070188 + (2.428727 - 1*0.73334175)/0.16681091)/0.28865033)/0.5536613 + 2.428727,PySRFunction(X=>PC_2 + (-PC_1 + (2.8070188 + (2.428727 - 1*0.73334175)/0.16681091)/0.28865033)/0.5536613 + 2.428727)
20,17.484777,0.04661148582881604,(((((((2.428727 - 0.6635709) / 0.16681091) + 2.8070188) / 0.28865033) - PC_1) / 0.5536613) + PC_2) + PC_3,PC_2 + PC_3 + (-PC_1 + (2.8070188 + (2.428727 - 1*0.6635709)/0.16681091)/0.28865033)/0.5536613,PySRFunction(X=>PC_2 + PC_3 + (-PC_1 + (2.8070188 + (2.428727 - 1*0.6635709)/0.16681091)/0.28865033)/0.5536613)
