complexity,loss,score,equation,sympy_format,lambda_format
3,4.667609,0.0,14.871651 + 3.8312528,3.8312528 + 14.871651,PySRFunction(X=>3.8312528 + 14.871651)
6,4.1823163,0.03659390577309532,(-8.338859 / PC_1) - -18.878365,-1*(-18.878365) - 8.338859/PC_1,PySRFunction(X=>-1*(-18.878365) - 8.338859/PC_1)
8,4.1663084,0.0019174319355759121,((-9.370377 / PC_1) + 9.829803) - -8.726899,-1*(-8.726899) + 9.829803 - 9.370377/PC_1,PySRFunction(X=>-1*(-8.726899) + 9.829803 - 9.370377/PC_1)
9,4.087152,0.019181972959029393,(0.23527516 * (PC_2 - PC_1)) + 18.70413,0.23527516*(-PC_1 + PC_2) + 18.70413,PySRFunction(X=>0.23527516*(-PC_1 + PC_2) + 18.70413)
11,4.0218387,0.008054604431841465,18.70413 + (0.23527516 * (PC_2 - (PC_1 / 0.6866648))),0.23527516*(-PC_1/0.6866648 + PC_2) + 18.70413,PySRFunction(X=>0.23527516*(-PC_1/0.6866648 + PC_2) + 18.70413)
15,4.0202045,0.00010160353419224842,((((-0.70868933 + PC_1) * -0.3627825) - (PC_2 * -0.23535927)) + 18.446135) - -0.02054503,-(-0.23535927)*PC_2 + (PC_1 - 0.70868933)*(-0.3627825) - 1*(-0.02054503) + 18.446135,PySRFunction(X=>-(-0.23535927)*PC_2 + (PC_1 - 0.70868933)*(-0.3627825) - 1*(-0.02054503) + 18.446135)
16,3.9703708,0.012473281142506515,(-0.10908937 / PC_3) + (18.446135 + (((PC_1 - PC_2) / 1.4228344) * -0.45078316)),(PC_1 - PC_2)*(-0.45078316)/1.4228344 + 18.446135 - 0.10908937/PC_3,PySRFunction(X=>(PC_1 - PC_2)*(-0.45078316)/1.4228344 + 18.446135 - 0.10908937/PC_3)
18,3.9661384,0.0005332823656548521,((0.18907088 * ((PC_2 - PC_1) / 0.5562447)) + 18.009249) + ((-0.05165704 / PC_3) * 2.3178813),0.18907088*(-PC_1 + PC_2)/0.5562447 + 18.009249 - 0.05165704*2.3178813/PC_3,PySRFunction(X=>0.18907088*(-PC_1 + PC_2)/0.5562447 + 18.009249 - 0.05165704*2.3178813/PC_3)
20,3.796576,0.021846659100596074,((0.08724464 * (PC_2 + ((1.8323106 - (-3.2142725 + PC_2)) * PC_2))) + (3.921712 / 0.19109301)) + 0.12678276,0.08724464*(PC_2*(1.8323106 - (PC_2 - 3.2142725)) + PC_2) + 0.12678276 + 3.921712/0.19109301,PySRFunction(X=>0.08724464*(PC_2*(1.8323106 - (PC_2 - 3.2142725)) + PC_2) + 0.12678276 + 3.921712/0.19109301)
