Training RMSE,Test RMSE,Time Taken
15.932968088039797,17.260162607574163,4.606013059616089
15.926866829476669,17.39493561722977,3.358229398727417
15.93136996319272,17.317664080840768,3.544433116912842
