Training RMSE,Test RMSE,Time Taken
15.932968088039797,17.260162607574163,4.6339111328125
15.926866829476669,17.39493561722977,3.337236166000366
15.93136996319272,17.317664080840768,3.6416070461273193
