Training RMSE,Test RMSE,Time Taken
15.932968088039797,17.260162607574163,4.758687496185303
15.926866829476669,17.39493561722977,3.8015224933624268
15.93136996319272,17.317664080840768,5.360759973526001
