complexity,loss,score,equation,sympy_format,lambda_format
1,54.5692,0.0,var3,var3,PySRFunction(X=>var3)
2,26.601397,0.7185058878154633,sqrt(3119.464),55.8521619993354,PySRFunction(X=>55.8521619993354)
3,14.849478,0.5829990200898539,var6 * 11.485794,var6*11.485794,PySRFunction(X=>var6*11.485794)
5,3.3847773,0.7393382995834356,(var6 * 3.1416786) * var2,var6*3.1416786*var2,PySRFunction(X=>var6*3.1416786*var2)
7,2.0840871,0.24247859815269393,var13 + ((var2 * 3.0555723) * var6),var13 + var2*3.0555723*var6,PySRFunction(X=>var13 + var2*3.0555723*var6)
9,3.8714948e-06,6.598100394956328,(var13 / var10) + ((var2 * 3.0) * var6),var2*3.0*var6 + var13/var10,PySRFunction(X=>var2*3.0*var6 + var13/var10)
11,3.6489728e-06,0.029597491182786432,((var2 * 3.0) * var6) + ((var13 + -3.2358332e-7) / var10),var2*3.0*var6 + (var13 - 3.2358332e-7)/var10,PySRFunction(X=>var2*3.0*var6 + (var13 - 3.2358332e-7)/var10)
13,3.2815267e-06,0.05306846595402255,(((var2 * 3.0) * var6) - var9) + ((var13 / var10) + var9),var2*3.0*var6 - var9 + var9 + var13/var10,PySRFunction(X=>var2*3.0*var6 - var9 + var9 + var13/var10)
15,2.9945982e-06,0.045749352891058685,((var2 * 1.5000713) * var6) + (((var2 * 1.4999287) * var6) + (var13 / var10)),var2*1.4999287*var6 + var2*1.5000713*var6 + var13/var10,PySRFunction(X=>var2*1.4999287*var6 + var2*1.5000713*var6 + var13/var10)
