complexity,loss,score,equation,sympy_format,lambda_format
1,24.54982,0.0,57.74351,57.7435100000000,PySRFunction(X=>57.7435100000000)
3,14.509953,0.2629348472463285,11.128824 * chem6,11.128824*chem6,PySRFunction(X=>11.128824*chem6)
5,1.1625193,1.2621226836266677,(chem2 * chem6) * 3.0891318,chem2*chem6*3.0891318,PySRFunction(X=>chem2*chem6*3.0891318)
7,0.3439256,0.6089596922811473,((chem6 * chem2) * 3.0133839) + chem13,chem13 + chem6*chem2*3.0133839,PySRFunction(X=>chem13 + chem6*chem2*3.0133839)
8,0.34392536,6.978255871009466e-07,((chem6 * chem2) * log(20.356453)) + chem13,chem13 + 3.01339796235989*chem2*chem6,PySRFunction(X=>chem13 + 3.01339796235989*chem2*chem6)
9,3.7667212e-06,11.421975021247002,(3.0 * (chem2 * chem6)) + (chem13 / chem10),3.0*chem2*chem6 + chem13/chem10,PySRFunction(X=>3.0*chem2*chem6 + chem13/chem10)
11,3.1456912e-06,0.09008563569606051,((3.035003 * (chem2 * chem6)) * 0.9884669) + (chem13 / chem10),3.035003*chem2*chem6*0.9884669 + chem13/chem10,PySRFunction(X=>3.035003*chem2*chem6*0.9884669 + chem13/chem10)
13,2.3544967e-06,0.144853327150168,((3.0 * (chem2 * chem6)) - 0.14333329) + ((chem13 / chem10) + 0.14333408),3.0*chem2*chem6 - 1*0.14333329 + 0.14333408 + chem13/chem10,PySRFunction(X=>3.0*chem2*chem6 - 1*0.14333329 + 0.14333408 + chem13/chem10)
