complexity,loss,score,equation,sympy_format,lambda_format
1,68.79733,0.0,chem3,chem3,PySRFunction(X=>chem3)
3,6.5523343,1.1756717841045126,chem5 * chem3,chem3*chem5,PySRFunction(X=>chem3*chem5)
5,1.5980614,0.7055150491014799,(chem5 + 0.7464042) * chem3,chem3*(chem5 + 0.7464042),PySRFunction(X=>chem3*(chem5 + 0.7464042))
6,1.5980613,6.257582037371086e-08,(chem5 + cos(0.72815114)) * chem3,chem3*(chem5 + cos(0.72815114)),PySRFunction(X=>chem3*(chem5 + cos(0.72815114)))
7,1.265059,0.23367244565083944,(chem3 * (0.40878308 + chem5)) + chem7,chem3*(chem5 + 0.40878308) + chem7,PySRFunction(X=>chem3*(chem5 + 0.40878308) + chem7)
8,0.9614568,0.2744244061679314,(chem5 + sqrt(4.0942426 / chem12)) * chem3,chem3*(chem5 + 2.0234234850866*sqrt(1/chem12)),PySRFunction(X=>chem3*(chem5 + 2.0234234850866*sqrt(1/chem12)))
9,0.68157357,0.34404543586743813,((chem5 - -0.45673963) * chem3) + (17.716887 / chem12),chem3*(chem5 - 1*(-0.45673963)) + 17.716887/chem12,PySRFunction(X=>chem3*(chem5 - 1*(-0.45673963)) + 17.716887/chem12)
10,0.59982,0.1277745881476865,(chem3 * (chem5 + sqrt(chem7 / chem12))) + 1.109644,chem3*(chem5 + sqrt(chem7/chem12)) + 1.109644,PySRFunction(X=>chem3*(chem5 + sqrt(chem7/chem12)) + 1.109644)
11,4.281987e-06,11.849967734990901,(chem3 * (chem5 - -0.49999985)) + (5.0000024 / (chem12 / chem7)),chem3*(chem5 - 1*(-0.49999985)) + 5.0000024/((chem12/chem7)),PySRFunction(X=>chem3*(chem5 - 1*(-0.49999985)) + 5.0000024/((chem12/chem7)))
