complexity,loss,score,equation,sympy_format,lambda_format
1,21.419897,0.0,74.226395,74.2263950000000,PySRFunction(X=>74.2263950000000)
3,6.676359,0.5828737386743799,chem3 * chem5,chem3*chem5,PySRFunction(X=>chem3*chem5)
5,1.9778075,0.6082919355651959,6.376637 + (chem3 * chem5),chem3*chem5 + 6.376637,PySRFunction(X=>chem3*chem5 + 6.376637)
6,1.8945522,0.0430064033976773,myfunction(chem3 * (chem5 + 0.72066313)),chem3*(chem5 + 0.72066313),PySRFunction(X=>chem3*(chem5 + 0.72066313))
7,1.5668453,0.18991826971654246,(chem3 * (chem5 + 0.41507053)) + chem7,chem3*(chem5 + 0.41507053) + chem7,PySRFunction(X=>chem3*(chem5 + 0.41507053) + chem7)
9,1.5342824,0.010500727475235467,((chem3 / chem12) + (chem3 * chem5)) + 5.191663,chem3*chem5 + 5.191663 + chem3/chem12,PySRFunction(X=>chem3*chem5 + 5.191663 + chem3/chem12)
11,1.0801369,0.1754874937559924,((chem3 / (chem12 / 2.9212093)) + (chem3 * chem5)) + 2.9150364,chem3*chem5 + chem3/((chem12/2.9212093)) + 2.9150364,PySRFunction(X=>chem3*chem5 + chem3/((chem12/2.9212093)) + 2.9150364)
13,0.9472468,0.06564169982564866,myfunction(myfunction((chem3 / (chem12 * 0.34258267)) + (chem3 * chem5)) + chem7),chem7 + (chem3*chem5 + chem3/((chem12*0.34258267))),PySRFunction(X=>chem7 + (chem3*chem5 + chem3/((chem12*0.34258267))))
