complexity,loss,score,equation,sympy_format,lambda_format
1,68.79733,0.0,chem3,chem3,PySRFunction(X=>chem3)
2,21.478563,1.164109568085252,myfunction(74.178116),74.1781160000000,PySRFunction(X=>74.1781160000000)
3,6.5523343,1.187234000123773,chem3 * chem5,chem3*chem5,PySRFunction(X=>chem3*chem5)
5,1.5980613,0.70551508038939,chem3 * (chem5 + 0.7464061),chem3*(chem5 + 0.7464061),PySRFunction(X=>chem3*(chem5 + 0.7464061))
7,1.2650589,0.11683626234926955,((chem5 - -0.4087826) * chem3) + chem7,chem3*(chem5 - 1*(-0.4087826)) + chem7,PySRFunction(X=>chem3*(chem5 - 1*(-0.4087826)) + chem7)
9,0.64100003,0.33992222880997985,(chem3 * (chem5 - (-2.7762182 / chem12))) + chem7,chem3*(chem5 - (-1)*2.7762182/chem12) + chem7,PySRFunction(X=>chem3*(chem5 - (-1)*2.7762182/chem12) + chem7)
11,0.54429275,0.08177112911573399,(chem3 * ((chem5 * 1.0114274) - (-2.215542 / chem12))) + chem7,chem3*(chem5*1.0114274 - (-1)*2.215542/chem12) + chem7,PySRFunction(X=>chem3*(chem5*1.0114274 - (-1)*2.215542/chem12) + chem7)
12,4.281987e-06,11.75282537027483,myfunction((chem7 * (5.0000024 / chem12)) + ((chem5 - -0.50000006) * chem3)),chem3*(chem5 - 1*(-0.50000006)) + chem7*5.0000024/chem12,PySRFunction(X=>chem3*(chem5 - 1*(-0.50000006)) + chem7*5.0000024/chem12)
