complexity,loss,score,equation,sympy_format,lambda_format
2,21.895739,0.0,myfunction(74.20987),74.2098700000000,PySRFunction(X=>74.2098700000000)
3,7.075605,1.1296390994411303,chem5 * chem3,chem3*chem5,PySRFunction(X=>chem3*chem5)
5,2.9027588,0.4454956785562387,chem3 * (chem5 + 0.7579498),chem3*(chem5 + 0.7579498),PySRFunction(X=>chem3*(chem5 + 0.7579498))
7,2.7325637,0.030210671173071604,(chem5 * (chem3 * 1.0502927)) + chem7,chem5*chem3*1.0502927 + chem7,PySRFunction(X=>chem5*chem3*1.0502927 + chem7)
9,2.6911008,0.007644961772494912,(((0.59175545 + chem5) * chem3) + chem7) + -1.5067625,chem3*(chem5 + 0.59175545) + chem7 - 1.5067625,PySRFunction(X=>chem3*(chem5 + 0.59175545) + chem7 - 1.5067625)
12,2.6282246,0.00788058934511625,myfunction(myfunction((chem3 * (chem5 + (chem2 * 0.103657566))) + myfunction(chem7))),chem3*(chem2*0.103657566 + chem5) + chem7,PySRFunction(X=>chem3*(chem2*0.103657566 + chem5) + chem7)
13,2.6068118,0.008180619113336961,((chem2 + myfunction(myfunction(chem3 * (chem5 + 0.503254)))) + chem7) - 4.374412,chem2 + chem3*(chem5 + 0.503254) + chem7 - 1*4.374412,PySRFunction(X=>chem2 + chem3*(chem5 + 0.503254) + chem7 - 1*4.374412)
14,2.6057432,0.0004100100679878201,(myfunction(chem3 * (0.59175545 + chem5)) + chem7) + ((-1.5067625 - chem6) / chem2),chem3*(chem5 + 0.59175545) + chem7 + (-chem6 - 1.5067625)/chem2,PySRFunction(X=>chem3*(chem5 + 0.59175545) + chem7 + (-chem6 - 1.5067625)/chem2)
17,2.6019957,0.00047973483550962123,-0.6243362 + ((myfunction(((-0.43358603 - chem2) * (myfunction(0.26165563) * -0.44784755)) + chem5) * chem3) + chem7),chem3*(chem5 + (-chem2 - 0.43358603)*0.26165563*(-0.44784755)) + chem7 - 0.6243362,PySRFunction(X=>chem3*(chem5 + (-chem2 - 0.43358603)*0.26165563*(-0.44784755)) + chem7 - 0.6243362)
