complexity,loss,score,equation,sympy_format,lambda_format
1,57.42162,0.0,chem6,chem6,PySRFunction(X=>chem6)
2,24.549822,0.8497162837559986,myfunction(57.741856),57.7418560000000,PySRFunction(X=>57.7418560000000)
3,14.509953,0.525869775959646,chem6 * 11.128824,chem6*11.128824,PySRFunction(X=>chem6*11.128824)
5,1.1625193,1.2621226836266677,(3.0891147 * chem2) * chem6,3.0891147*chem2*chem6,PySRFunction(X=>3.0891147*chem2*chem6)
7,0.34392565,0.6089596195910126,chem13 + (chem6 * (chem2 / 0.33185393)),chem13 + chem2*chem6/0.33185393,PySRFunction(X=>chem13 + chem2*chem6/0.33185393)
9,3.506628e-06,5.7467629436548275,((chem2 * 3.0) * chem6) + (chem13 / chem10),chem2*3.0*chem6 + chem13/chem10,PySRFunction(X=>chem2*3.0*chem6 + chem13/chem10)
11,2.9425262e-06,0.08769321392941676,(chem6 * ((chem2 * 0.78774256) * 3.8083508)) + (chem13 / chem10),chem6*chem2*0.78774256*3.8083508 + chem13/chem10,PySRFunction(X=>chem6*chem2*0.78774256*3.8083508 + chem13/chem10)
15,2.8290679e-06,0.009830292665132353,((chem6 * (-2.4155176 * (chem2 * (-4.331587 * -49.27529)))) / -171.85619) + (chem13 / chem10),chem6*(-2.4155176)*chem2*(-4.331587)*(-49.27529)/(-171.85619) + chem13/chem10,PySRFunction(X=>chem6*(-2.4155176)*chem2*(-4.331587)*(-49.27529)/(-171.85619) + chem13/chem10)
