Training RMSE,Test RMSE,Time Taken
3.72994861225733,3.5051620769524616,4.65647554397583
3.7302555703517237,3.5119529322699488,3.3194844722747803
3.730052620604047,3.5027303859321477,3.2853798866271973
