Training RMSE,Test RMSE,Time Taken
15.932968088039797,17.260162607574163,4.570024251937866
15.926866829476669,17.39493561722977,3.489708662033081
15.931571890098693,17.320488178165395,3.498570442199707
3.72994861225733,3.5051620769524616,4.652197360992432
