Training RMSE,Test RMSE,Time Taken
3.72994861225733,3.5051620769524616,4.618409633636475
3.7302555703517237,3.5119529322699488,3.3351528644561768
3.730052620604047,3.5027303859321477,3.3375840187072754
