Training RMSE,Test RMSE,Time Taken
8.083421924508174,16.109775437472567,19.87411618232727
7.092860144133868,21.026448573553367,3.413236379623413
7.228491931973128,15.503164403684714,6.356308460235596
