Training RMSE,Test RMSE,Time Taken
1.6443924863174315,3.9843294769195317,17.268834829330444
