,Variable,Coefficient
68,K,0.5572055376145394
77,Si,0.4557819640756079
71,Na,0.39436130725896307
73,P,0.3456127314886199
58,Syringealdehyde,0.08085836968624689
80,Zn,0.07830769545919909
67,Fe,0.07478620149582134
52,Ethylguaiacol,-0.39790735554703
54,Guaiacol,-0.4166842069804135
53,Eugenol,-0.42695028971691307
56,Methoxymethyl phenol,-0.44241421291952726
48,Retene,-0.4706260160706575
59,Vanillin,-0.583067451184274
55,Isoeugenol,-1.91293127737641
