Training RMSE,Test RMSE,Time Taken
12.130628158838244,30.846929804158627,38.74884915351868
11.601021984617697,30.84749929413756,39.57692074775696
11.819366137639548,30.913111601557222,39.721182346343994
