Input,Training RMSE,Test RMSE,Time Taken
Full,17.31016026550329,22.576582563306985,726.7764813899994
PCA,17.34933049593867,21.750800740091517,747.7923674583435
Elastic,12.32719618416065,26.091378037642,785.2137916088104
