chem,var_importance,tot_instances,uniq_instances
PC_2,91.90165645549996,8880,140
PC_1,0.0,182,11
PC_3,-2.17958983555134,1333,14
PC_4,-9.931304134781769,24,14
