chem,var_importance
PC_2,91.90165645549996
PC_1,0.0
PC_3,-2.17958983555134
PC_4,-9.931304134781769
