chem,var_importance,tot_instances,uniq_instances
PC_3,0.0,1516,18
PC_1,0.0,4012,32
PC_4,-0.21242806,4364,42
PC_2,-8.324664027467733,4365,43
