Input,Training RMSE,Test RMSE,Time Taken
Full,15.963944933985582,17.659355464281425,239.00744318962097
PCA,20.403171220429282,17.566253676906758,233.2317202091217
Elastic,16.300812016802055,18.004025999390723,246.50312042236328
