chem,var_importance,tot_instances,uniq_instances
PC_3,228.83327877751344,2451,63
PC_2,228.80371420363912,4493,106
PC_4,17.999999999999996,710,18
PC_1,-152.60873396302955,3578,95
