chem,var_importance,tot_instances,uniq_instances
PC_3,228.83327877751344,2451,63
PC_2,203.60881351727903,3500,91
PC_4,17.999999999999996,710,18
PC_1,-125.3094447046646,2585,80
