chem,var_importance
PC_3,228.83327877751344
PC_2,228.80371420363912
PC_4,17.999999999999996
PC_1,-152.60873396302955
