chem,var_importance
P,3415.060187274567
K,322.223725091313
Silicon,215.19263440468112
Syringealdehyde,19.61774183765513
Zn,16.30314263648986
Methoxymethylphenol,-0.45385958740609
Fe,-6.48258526811011
Guaiacol,-7.115457284822775
Retene,-75.71687830349222
Ethylguaiacol,-100.92497958481309
Vanillin,-221.70222907654215
Isoeugenol,-314.97611480649783
Na,-623.3987805942585
Eugenol,-940.9572713519639
