complexity,loss,score,equation,sympy_format,lambda_format
3,33.493767,0.0,Acetosyringone + 56.59344,Acetosyringone + 56.59344,PySRFunction(X=>Acetosyringone + 56.59344)
5,22.416685,0.20077690708045198,83.38044 - (Dibenzofuran - Cl),83.38044 - (-Cl + Dibenzofuran),PySRFunction(X=>83.38044 - (-Cl + Dibenzofuran))
9,19.808529,0.030923236282633472,((-4.749042 / (-0.022251878 / 0.38455325)) - Ethylguaiacol) - -2.487967,-Ethylguaiacol - 1*(-2.487967) - 4.749042/((-0.022251878/0.38455325)),PySRFunction(X=>-Ethylguaiacol - 1*(-2.487967) - 4.749042/((-0.022251878/0.38455325)))
11,19.167122,0.01645809357604212,(((-6.2263303 / (-0.39831096 / 5.618736)) - Ethylguaiacol) - -1.4206576) - -0.3102786,-Ethylguaiacol - 1*(-0.3102786) - 1*(-1.4206576) - 6.2263303/((-0.39831096/5.618736)),PySRFunction(X=>-Ethylguaiacol - 1*(-0.3102786) - 1*(-1.4206576) - 6.2263303/((-0.39831096/5.618736)))
13,18.443274,0.019248332099643658,-0.7120011 + (PO_4 + (((0.4817151 / 0.088170774) - (-0.5947237 * Fluoranthene)) / 0.078603506)),PO_4 + (-(-1)*0.5947237*Fluoranthene + 0.4817151/0.088170774)/0.078603506 - 0.7120011,PySRFunction(X=>PO_4 + (-(-1)*0.5947237*Fluoranthene + 0.4817151/0.088170774)/0.078603506 - 0.7120011)
15,17.147652,0.03641924827874255,((((2.2198696 + Acenaphthylene) / 0.18704422) + ((Ni - -1.069877) + Ti)) * 4.200181) / 0.94611526,(Ni + Ti + (Acenaphthylene + 2.2198696)/0.18704422 - 1*(-1.069877))*4.200181/0.94611526,PySRFunction(X=>(Ni + Ti + (Acenaphthylene + 2.2198696)/0.18704422 - 1*(-1.069877))*4.200181/0.94611526)
17,16.740232,0.012023165316187788,(((((2.2198696 + Acenaphthylene) / 0.18704422) + ((Ni - -1.069877) + Ti)) * 4.200181) + Triacontane) / 0.94611526,(Triacontane + (Ni + Ti + (Acenaphthylene + 2.2198696)/0.18704422 - 1*(-1.069877))*4.200181)/0.94611526,PySRFunction(X=>(Triacontane + (Ni + Ti + (Acenaphthylene + 2.2198696)/0.18704422 - 1*(-1.069877))*4.200181)/0.94611526)
19,16.639544,0.003016446407094019,(var_2_Methylnonadecane / 0.10092913) + (((((1.8568105 + Acenaphthylene) / 0.15059192) + ((Ni - -1.0476867) + Ti)) * 4.07751) / 0.9657634),var_2_Methylnonadecane/0.10092913 + (Ni + Ti + (Acenaphthylene + 1.8568105)/0.15059192 - 1*(-1.0476867))*4.07751/0.9657634,PySRFunction(X=>var_2_Methylnonadecane/0.10092913 + (Ni + Ti + (Acenaphthylene + 1.8568105)/0.15059192 - 1*(-1.0476867))*4.07751/0.9657634)
