complexity,loss,score,equation,sympy_format,lambda_format
3,21.083273,0.0,PO_4 + 81.52743,PO_4 + 81.52743,PySRFunction(X=>PO_4 + 81.52743)
5,19.245138,0.0456107599358297,(30.333754 + Cu) + 30.3337,Cu + 30.3337 + 30.333754,PySRFunction(X=>Cu + 30.3337 + 30.333754)
7,18.749174,0.013054379645488471,(30.333754 + (30.333754 + Cu)) - Propylguaiacol,Cu - Propylguaiacol + 30.333754 + 30.333754,PySRFunction(X=>Cu - Propylguaiacol + 30.333754 + 30.333754)
9,18.33755,0.01109941399714682,((Cu - (Propylguaiacol - Fluoranthene)) + 30.333754) + 30.333754,Cu - (-Fluoranthene + Propylguaiacol) + 30.333754 + 30.333754,PySRFunction(X=>Cu - (-Fluoranthene + Propylguaiacol) + 30.333754 + 30.333754)
13,17.662779,0.00937283151354619,((30.333754 + (Cu + (30.333754 - SO_4))) + (Fluoranthene ^ 1.8194845)) - Propylguaiacol,Cu + Fluoranthene**1.8194845 - Propylguaiacol - SO_4 + 30.333754 + 30.333754,PySRFunction(X=>Cu + Fluoranthene**1.8194845 - Propylguaiacol - SO_4 + 30.333754 + 30.333754)
15,17.599125,0.001805179582546507,((30.333754 + (Cu + (30.333754 - Propylguaiacol))) + (Fluoranthene ^ (1.8194845 + Heptadecane))) - Propylguaiacol,Cu + Fluoranthene**(Heptadecane + 1.8194845) - Propylguaiacol - Propylguaiacol + 30.333754 + 30.333754,PySRFunction(X=>Cu + Fluoranthene**(Heptadecane + 1.8194845) - Propylguaiacol - Propylguaiacol + 30.333754 + 30.333754)
17,17.134367,0.013381486093327476,2.017299 + (((-0.5409851 + ((1.5867231 ^ (P / 2.017299)) / Propylguaiacol)) ^ 0.03889326) / (-0.93673325 * -0.015836272)),(1.5867231**(P/2.017299)/Propylguaiacol - 0.5409851)**0.03889326/((-0.93673325*(-0.015836272))) + 2.017299,PySRFunction(X=>(1.5867231**(P/2.017299)/Propylguaiacol - 0.5409851)**0.03889326/((-0.93673325*(-0.015836272))) + 2.017299)
19,16.897272,0.006967011965714182,Fluoranthene + ((((((1.5867231 ^ (P / 2.017299)) / Propylguaiacol) + -0.5409851) ^ 0.03889326) / (-0.93673325 * -0.015836272)) + 2.997929),Fluoranthene + (1.5867231**(P/2.017299)/Propylguaiacol - 0.5409851)**0.03889326/((-0.93673325*(-0.015836272))) + 2.997929,PySRFunction(X=>Fluoranthene + (1.5867231**(P/2.017299)/Propylguaiacol - 0.5409851)**0.03889326/((-0.93673325*(-0.015836272))) + 2.997929)
