complexity,loss,score,equation,sympy_format,lambda_format
3,22.286848,0.0,75.838776 + Sr,Sr + 75.838776,PySRFunction(X=>Sr + 75.838776)
5,21.650925,0.014474274993077364,(-82.8867 / Mg) - -82.8867,-1*(-82.8867) - 82.8867/Mg,PySRFunction(X=>-1*(-82.8867) - 82.8867/Mg)
7,17.819723,0.0973711505596885,-1.5353355 + ((0.115078054 - -66.20685) + P),P - 1.5353355 + 0.115078054 - 1*(-66.20685),PySRFunction(X=>P - 1.5353355 + 0.115078054 - 1*(-66.20685))
9,17.789295,0.0008545028511014292,Tetradecane + (((0.28234673 + -2.1195133) - -66.37368) + P),P + Tetradecane - 2.1195133 + 0.28234673 - 1*(-66.37368),PySRFunction(X=>P + Tetradecane - 2.1195133 + 0.28234673 - 1*(-66.37368))
11,17.717722,0.0020157451395909974,(0.07944769 / Phytane) + ((P - (-31.529865 - 30.28597)) + Octacosane),Octacosane + P - (-31.529865 - 1*30.28597) + 0.07944769/Phytane,PySRFunction(X=>Octacosane + P - (-31.529865 - 1*30.28597) + 0.07944769/Phytane)
13,17.038437,0.019546794883111736,(((0.28234673 - -66.37368) + P) + ((-1.3676662 / Ti) / 1.8867866)) + Pb,P + Pb + 0.28234673 - 1*(-66.37368) - 1.3676662/(1.8867866*Ti),PySRFunction(X=>P + Pb + 0.28234673 - 1*(-66.37368) - 1.3676662/(1.8867866*Ti))
15,17.012802,0.0007528361844037985,((((Cl - -0.4814783) - -66.37368) + P) + ((-1.3676662 / Ti) / 1.8867866)) - -0.41337907,Cl + P - 1*(-0.41337907) - 1*(-0.4814783) - 1*(-66.37368) - 1.3676662/(1.8867866*Ti),PySRFunction(X=>Cl + P - 1*(-0.41337907) - 1*(-0.4814783) - 1*(-66.37368) - 1.3676662/(1.8867866*Ti))
17,16.897163,0.0034101907291975934,(((Cl - -67.16677) + (P - Sb)) + ((-1.4460709 / Ti) / 1.8547941)) + (var1_Methylchysene - -1.6162707),Cl + P - Sb + var1_Methylchysene - 1*(-1.6162707) - 1*(-67.16677) - 1.4460709/(1.8547941*Ti),PySRFunction(X=>Cl + P - Sb + var1_Methylchysene - 1*(-1.6162707) - 1*(-67.16677) - 1.4460709/(1.8547941*Ti))
