complexity,loss,score,equation,sympy_format,lambda_format
3,18.073547,0.0,P + 67.80656,P + 67.80656,PySRFunction(X=>P + 67.80656)
5,17.709381,0.010177439179483402,(P + 61.923756) + Cr,Cr + P + 61.923756,PySRFunction(X=>Cr + P + 61.923756)
7,17.06053,0.01866344538772118,((P + 92.47267) - Ethylguaiacol) / 1.270121,(-Ethylguaiacol + P + 92.47267)/1.270121,PySRFunction(X=>(-Ethylguaiacol + P + 92.47267)/1.270121)
9,16.636103,0.012596197575143468,(Cu + 72.80608) - ((0.91749144 / Acenaphthylene) + 1.1908554),Cu - (1.1908554 + 0.91749144/Acenaphthylene) + 72.80608,PySRFunction(X=>Cu - (1.1908554 + 0.91749144/Acenaphthylene) + 72.80608)
11,16.620209,0.00047792434741786104,((Cu ^ 1.0065724) + 72.91493) - ((0.9889544 / Acenaphthylene) + 1.0824232),Cu**1.0065724 - (1.0824232 + 0.9889544/Acenaphthylene) + 72.91493,PySRFunction(X=>Cu**1.0065724 - (1.0824232 + 0.9889544/Acenaphthylene) + 72.91493)
13,16.364487,0.007752902242368943,(((Cu + 70.79186) - (1.1197841 / Acenaphthylene)) - (-0.71092737 / var2_Methylnaphthalene)) - 4.211041,Cu - 1*4.211041 + 70.79186 - (-1)*0.71092737/var2_Methylnaphthalene - 1.1197841/Acenaphthylene,PySRFunction(X=>Cu - 1*4.211041 + 70.79186 - (-1)*0.71092737/var2_Methylnaphthalene - 1.1197841/Acenaphthylene)
15,16.363821,2.0349356284787413e-05,(((Cu + 71.13522) - ((1.1200982 / Acenaphthylene) - -0.66068625)) - (-0.69770885 / var2_Methylnaphthalene)) - 3.86687,Cu - (-1*(-0.66068625) + 1.1200982/Acenaphthylene) - 1*3.86687 + 71.13522 - (-1)*0.69770885/var2_Methylnaphthalene,PySRFunction(X=>Cu - (-1*(-0.66068625) + 1.1200982/Acenaphthylene) - 1*3.86687 + 71.13522 - (-1)*0.69770885/var2_Methylnaphthalene)
17,16.30652,0.0017539167637367046,(((Cu + 70.79186) - (1.1197841 / Acenaphthylene)) - ((-0.71092737 + (0.06691909 / Heptadecane)) / var2_Methylnaphthalene)) - 1.1197841,Cu - 1*1.1197841 + 70.79186 - (-0.71092737 + 0.06691909/Heptadecane)/var2_Methylnaphthalene - 1.1197841/Acenaphthylene,PySRFunction(X=>Cu - 1*1.1197841 + 70.79186 - (-0.71092737 + 0.06691909/Heptadecane)/var2_Methylnaphthalene - 1.1197841/Acenaphthylene)
