complexity,loss,score,equation,sympy_format,lambda_format
3,21.32804,0.0,83.265236 + Ba,Ba + 83.265236,PySRFunction(X=>Ba + 83.265236)
5,20.54281,0.01875581876421275,(76.8331 + Ba) + Hexacosane,Ba + Hexacosane + 76.8331,PySRFunction(X=>Ba + Hexacosane + 76.8331)
7,17.819723,0.07110256189269906,-1.5353355 + ((0.115078054 - -66.20685) + P),P - 1.5353355 + 0.115078054 - 1*(-66.20685),PySRFunction(X=>P - 1.5353355 + 0.115078054 - 1*(-66.20685))
9,17.781378,0.0010770738474593382,0.68579054 + ((P - (-31.529865 - 30.28597)) + Octacosane),Octacosane + P + 0.68579054 - (-31.529865 - 1*30.28597),PySRFunction(X=>Octacosane + P + 0.68579054 - (-31.529865 - 1*30.28597))
11,17.717722,0.0017931741432331242,(0.07944769 / Phytane) + ((P - (-31.529865 - 30.28597)) + Octacosane),Octacosane + P - (-31.529865 - 1*30.28597) + 0.07944769/Phytane,PySRFunction(X=>Octacosane + P - (-31.529865 - 1*30.28597) + 0.07944769/Phytane)
13,16.984133,0.021142913169144538,Acenaphthylene + (((0.41970286 - -66.37368) + P) + ((-1.3676662 / Ti) / 1.8544648)),Acenaphthylene + P + 0.41970286 - 1*(-66.37368) - 1.3676662/(1.8544648*Ti),PySRFunction(X=>Acenaphthylene + P + 0.41970286 - 1*(-66.37368) - 1.3676662/(1.8544648*Ti))
15,16.923738,0.0017811517528697133,Acenaphthylene + ((((0.41970286 - -66.37368) + P) + Pentacosane) + ((-1.3676662 / Ti) / 1.8544648)),Acenaphthylene + P + Pentacosane + 0.41970286 - 1*(-66.37368) - 1.3676662/(1.8544648*Ti),PySRFunction(X=>Acenaphthylene + P + Pentacosane + 0.41970286 - 1*(-66.37368) - 1.3676662/(1.8544648*Ti))
17,16.897163,0.000785756874698843,(((Cl - -67.16677) + (P - Sb)) + ((-1.4460709 / Ti) / 1.8547941)) + (var1_Methylchysene - -1.6162707),Cl + P - Sb + var1_Methylchysene - 1*(-1.6162707) - 1*(-67.16677) - 1.4460709/(1.8547941*Ti),PySRFunction(X=>Cl + P - Sb + var1_Methylchysene - 1*(-1.6162707) - 1*(-67.16677) - 1.4460709/(1.8547941*Ti))
19,16.449106,0.013437304392414943,(1.4839118 * ((45.15057 / 0.7283899) + ((-2.5099142 - (-0.017598465 - Fluoranthene)) / ((Octadecane / Coniferylaldehyde) + Hexacosane)))) - Hexacosane,-Hexacosane + 1.4839118*(45.15057/0.7283899 + (-(-Fluoranthene - 0.017598465) - 2.5099142)/(Hexacosane + Octadecane/Coniferylaldehyde)),PySRFunction(X=>-Hexacosane + 1.4839118*(45.15057/0.7283899 + (-(-Fluoranthene - 0.017598465) - 2.5099142)/(Hexacosane + Octadecane/Coniferylaldehyde)))
