complexity,loss,score,equation,sympy_format,lambda_format
3,20.5566,0.0,Ba - -77.58054,Ba - 1*(-77.58054),PySRFunction(X=>Ba - 1*(-77.58054))
5,17.994455,0.0665592011901706,(P - -33.64488) - -33.64488,P - 1*(-33.64488) - 1*(-33.64488),PySRFunction(X=>P - 1*(-33.64488) - 1*(-33.64488))
7,17.877243,0.0032675458282341134,((P - -33.64488) + -1.0686424) - -33.64488,P - 1.0686424 - 1*(-33.64488) - 1*(-33.64488),PySRFunction(X=>P - 1.0686424 - 1*(-33.64488) - 1*(-33.64488))
9,17.741693,0.003805578425018091,Benzoapyrene + ((P - -64.02783) - (-6.783741 * Phytane)),Benzoapyrene + P - (-1)*6.783741*Phytane - 1*(-64.02783),PySRFunction(X=>Benzoapyrene + P - (-1)*6.783741*Phytane - 1*(-64.02783))
11,17.731024,0.0003007663698754218,Triacontane + (((P + -0.7443146) - -33.64488) - (-33.64488 * 0.92189854)),P + Triacontane - 0.7443146 - (-1)*0.92189854*33.64488 - 1*(-33.64488),PySRFunction(X=>P + Triacontane - 0.7443146 - (-1)*0.92189854*33.64488 - 1*(-33.64488))
13,17.692492,0.0010877524183959472,Benzoapyrene + (((P + -0.7443146) - (-33.64488 - Pentacosane)) - (-33.64488 * 0.92189854)),Benzoapyrene + P - (-Pentacosane - 33.64488) - 0.7443146 - (-1)*0.92189854*33.64488,PySRFunction(X=>Benzoapyrene + P - (-Pentacosane - 33.64488) - 0.7443146 - (-1)*0.92189854*33.64488)
15,17.095552,0.017161028042718216,4.200181 + (4.200181 * (((2.2198696 + Acenaphthylene) / 0.18704422) + ((Ni + 1.2180107) + Ti))),4.200181*(Ni + Ti + (Acenaphthylene + 2.2198696)/0.18704422 + 1.2180107) + 4.200181,PySRFunction(X=>4.200181*(Ni + Ti + (Acenaphthylene + 2.2198696)/0.18704422 + 1.2180107) + 4.200181)
17,16.740232,0.010501694363830767,(((((2.2198696 + Acenaphthylene) / 0.18704422) + ((Ni - -1.069877) + Ti)) * 4.200181) + Triacontane) / 0.94611526,(Triacontane + (Ni + Ti + (Acenaphthylene + 2.2198696)/0.18704422 - 1*(-1.069877))*4.200181)/0.94611526,PySRFunction(X=>(Triacontane + (Ni + Ti + (Acenaphthylene + 2.2198696)/0.18704422 - 1*(-1.069877))*4.200181)/0.94611526)
19,16.639544,0.003016446407094019,(var_2_Methylnonadecane / 0.10092913) + (((((1.8568105 + Acenaphthylene) / 0.15059192) + ((Ni - -1.0476867) + Ti)) * 4.07751) / 0.9657634),var_2_Methylnonadecane/0.10092913 + (Ni + Ti + (Acenaphthylene + 1.8568105)/0.15059192 - 1*(-1.0476867))*4.07751/0.9657634,PySRFunction(X=>var_2_Methylnonadecane/0.10092913 + (Ni + Ti + (Acenaphthylene + 1.8568105)/0.15059192 - 1*(-1.0476867))*4.07751/0.9657634)
