complexity,loss,score,equation,sympy_format,lambda_format
3,21.083273,0.0,PO_4 + 81.52743,PO_4 + 81.52743,PySRFunction(X=>PO_4 + 81.52743)
5,19.245138,0.0456107599358297,(30.333754 + Cu) + 30.3337,Cu + 30.3337 + 30.333754,PySRFunction(X=>Cu + 30.3337 + 30.333754)
7,18.885399,0.00943468679159397,(Cu + 30.333754) + (30.333754 + Fluoranthene),Cu + Fluoranthene + 30.333754 + 30.333754,PySRFunction(X=>Cu + Fluoranthene + 30.333754 + 30.333754)
9,18.517715,0.0098306211720048,(Cu + 30.333754) + (30.333754 + (Fluoranthene ^ 2.0606148)),Cu + Fluoranthene**2.0606148 + 30.333754 + 30.333754,PySRFunction(X=>Cu + Fluoranthene**2.0606148 + 30.333754 + 30.333754)
13,18.065268,0.00618416041750421,((1.4266665 ^ (P / (0.41566837 / 2.0674))) ^ 0.006777028) / (-1.4755177 * -0.01007014),(1.4266665**(P/((0.41566837/2.0674))))**0.006777028/((-1.4755177*(-0.01007014))),PySRFunction(X=>(1.4266665**(P/((0.41566837/2.0674))))**0.006777028/((-1.4755177*(-0.01007014))))
15,18.057539,0.00021396454926518412,((1.4266665 ^ ((P / (0.41566837 / 2.0674)) - 0.4564907)) ^ 0.006777028) / (-1.4755177 * -0.01007014),(1.4266665**(P/((0.41566837/2.0674)) - 1*0.4564907))**0.006777028/((-1.4755177*(-0.01007014))),PySRFunction(X=>(1.4266665**(P/((0.41566837/2.0674)) - 1*0.4564907))**0.006777028/((-1.4755177*(-0.01007014))))
17,17.871325,0.005182898835446132,((((1.4266665 ^ (P / (0.41566837 / 2.0674))) / Propylguaiacol) ^ 0.006777028) / (-1.4755177 * -0.01007014)) - 2.0674,(1.4266665**(P/((0.41566837/2.0674)))/Propylguaiacol)**0.006777028/((-1.4755177*(-0.01007014))) - 1*2.0674,PySRFunction(X=>(1.4266665**(P/((0.41566837/2.0674)))/Propylguaiacol)**0.006777028/((-1.4755177*(-0.01007014))) - 1*2.0674)
19,17.48065,0.01105145907316376,((((1.5867231 ^ (P / (2.017299 / 1.1328871))) / Propylguaiacol) ^ 0.03889326) / (-0.93673325 * -0.015836272)) - (-0.059964783 + -1.2519779),(1.5867231**(P/((2.017299/1.1328871)))/Propylguaiacol)**0.03889326/((-0.93673325*(-0.015836272))) - (-1.2519779 - 0.059964783),PySRFunction(X=>(1.5867231**(P/((2.017299/1.1328871)))/Propylguaiacol)**0.03889326/((-0.93673325*(-0.015836272))) - (-1.2519779 - 0.059964783))
