complexity,loss,score,equation,sympy_format,lambda_format
3,40.551716,0.0,0.8974011 / 0.017971411,0.8974011/0.017971411,PySRFunction(X=>0.8974011/0.017971411)
5,25.153255,0.2387953930806532,(0.8974011 / 0.05164914) / 0.23933862,0.8974011/(0.05164914*0.23933862),PySRFunction(X=>0.8974011/(0.05164914*0.23933862))
7,23.818441,0.02726359952379445,(0.8974011 / (0.05164914 / 1.2540482)) / 0.23933862,0.8974011/(0.23933862*((0.05164914/1.2540482))),PySRFunction(X=>0.8974011/(0.23933862*((0.05164914/1.2540482))))
9,20.58492,0.07295067184679414,Acetosyringone + (((13.276872 - Ni) * Ni) + 56.59344),Acetosyringone + Ni*(13.276872 - Ni) + 56.59344,PySRFunction(X=>Acetosyringone + Ni*(13.276872 - Ni) + 56.59344)
13,19.324419,0.015797309887710338,((((1.246579 * (0.2417383 ^ -1.2551543)) / 0.11881893) + Cu) + Squalane) + Squalane,Cu + Squalane + Squalane + 1.246579/(0.11881893*0.2417383**1.2551543),PySRFunction(X=>Cu + Squalane + Squalane + 1.246579/(0.11881893*0.2417383**1.2551543))
15,19.147738,0.004592470396496722,(((((1.246579 * (0.2417383 ^ -1.2551543)) / 0.11881893) + Cu) - Squalane) + Naphthalene) * 0.97168994,(Cu + Naphthalene - Squalane + 1.246579/(0.11881893*0.2417383**1.2551543))*0.97168994,PySRFunction(X=>(Cu + Naphthalene - Squalane + 1.246579/(0.11881893*0.2417383**1.2551543))*0.97168994)
17,17.636997,0.041092895277114745,(((Acenaphthylene + (2.2713585 ^ 1.1543167)) / 0.041202877) + (Ti + (Ni - -0.933886))) + (Ni * 2.392213),Ni + Ni*2.392213 + Ti + (Acenaphthylene + 2.2713585**1.1543167)/0.041202877 - 1*(-0.933886),PySRFunction(X=>Ni + Ni*2.392213 + Ti + (Acenaphthylene + 2.2713585**1.1543167)/0.041202877 - 1*(-0.933886))
19,16.782522,0.024830405136014155,((((Acenaphthylene + (2.2198696 ^ 1.096021)) / 0.18704422) + (Ti + (Ni - -1.069877))) * 4.200181) + (Eicosane * 1.6591523),Eicosane*1.6591523 + (Ni + Ti + (Acenaphthylene + 2.2198696**1.096021)/0.18704422 - 1*(-1.069877))*4.200181,PySRFunction(X=>Eicosane*1.6591523 + (Ni + Ti + (Acenaphthylene + 2.2198696**1.096021)/0.18704422 - 1*(-1.069877))*4.200181)
