complexity,loss,score,equation,sympy_format,lambda_format
3,22.286848,0.0,75.838776 + Sr,Sr + 75.838776,PySRFunction(X=>Sr + 75.838776)
5,21.650925,0.014474274993077364,(-82.8867 / Mg) - -82.8867,-1*(-82.8867) - 82.8867/Mg,PySRFunction(X=>-1*(-82.8867) - 82.8867/Mg)
7,17.819723,0.0973711505596885,-1.5353355 + ((0.115078054 - -66.20685) + P),P - 1.5353355 + 0.115078054 - 1*(-66.20685),PySRFunction(X=>P - 1.5353355 + 0.115078054 - 1*(-66.20685))
9,17.789295,0.0008545028511014292,Tetradecane + (((0.28234673 + -2.1195133) - -66.37368) + P),P + Tetradecane - 2.1195133 + 0.28234673 - 1*(-66.37368),PySRFunction(X=>P + Tetradecane - 2.1195133 + 0.28234673 - 1*(-66.37368))
11,17.718115,0.002004654672050499,(((-0.7110818 - -65.38103) + -0.667827) + P) + (Triacontane / 1.3226199),P + Triacontane/1.3226199 - 0.7110818 - 0.667827 - 1*(-65.38103),PySRFunction(X=>P + Triacontane/1.3226199 - 0.7110818 - 0.667827 - 1*(-65.38103))
13,17.038437,0.01955788535065223,(((0.28234673 - -66.37368) + P) + ((-1.3676662 / Ti) / 1.8867866)) + Pb,P + Pb + 0.28234673 - 1*(-66.37368) - 1.3676662/(1.8867866*Ti),PySRFunction(X=>P + Pb + 0.28234673 - 1*(-66.37368) - 1.3676662/(1.8867866*Ti))
15,17.027418,0.0003234617297670574,(((0.28234673 - -66.37368) + P) + ((-1.3676662 / Ti) / 1.8867866)) + (Pb / -1.450255),P + Pb/(-1.450255) + 0.28234673 - 1*(-66.37368) - 1.3676662/(1.8867866*Ti),PySRFunction(X=>P + Pb/(-1.450255) + 0.28234673 - 1*(-66.37368) - 1.3676662/(1.8867866*Ti))
