complexity,loss,score,equation,sympy_format,lambda_format
3,18.073547,0.0,P + 67.80656,P + 67.80656,PySRFunction(X=>P + 67.80656)
5,17.326275,0.021112621048316862,(65.283936 + P) - Propylguaiacol,P - Propylguaiacol + 65.283936,PySRFunction(X=>P - Propylguaiacol + 65.283936)
7,17.06053,0.007728263518887762,((P + 92.47267) - Ethylguaiacol) / 1.270121,(-Ethylguaiacol + P + 92.47267)/1.270121,PySRFunction(X=>(-Ethylguaiacol + P + 92.47267)/1.270121)
9,16.625092,0.012927244021377193,((Cu + 72.20443) + (-0.97776014 / Acenaphthylene)) + 0.124341875,Cu + 0.124341875 + 72.20443 - 0.97776014/Acenaphthylene,PySRFunction(X=>Cu + 0.124341875 + 72.20443 - 0.97776014/Acenaphthylene)
11,16.572353,0.0015886476916395582,((-0.99234676 / Acenaphthylene) + (Cu + 73.19447)) - (Fluorene * Fluorene),Cu - Fluorene*Fluorene + 73.19447 - 0.99234676/Acenaphthylene,PySRFunction(X=>Cu - Fluorene*Fluorene + 73.19447 - 0.99234676/Acenaphthylene)
13,16.364487,0.006311132451913479,(((Cu + 70.79186) - (1.1197841 / Acenaphthylene)) - (-0.71092737 / var2_Methylnaphthalene)) - 4.211041,Cu - 1*4.211041 + 70.79186 - (-1)*0.71092737/var2_Methylnaphthalene - 1.1197841/Acenaphthylene,PySRFunction(X=>Cu - 1*4.211041 + 70.79186 - (-1)*0.71092737/var2_Methylnaphthalene - 1.1197841/Acenaphthylene)
15,16.363821,2.0349356284787413e-05,(((Cu + 71.13522) - ((1.1200982 / Acenaphthylene) - -0.66068625)) - (-0.69770885 / var2_Methylnaphthalene)) - 3.86687,Cu - (-1*(-0.66068625) + 1.1200982/Acenaphthylene) - 1*3.86687 + 71.13522 - (-1)*0.69770885/var2_Methylnaphthalene,PySRFunction(X=>Cu - (-1*(-0.66068625) + 1.1200982/Acenaphthylene) - 1*3.86687 + 71.13522 - (-1)*0.69770885/var2_Methylnaphthalene)
17,16.302889,0.0018652649950096024,(((Cu + 70.79186) - (1.1197841 / Acenaphthylene)) - ((-0.71092737 + (0.06691909 ^ Tricosane)) / var2_Methylnaphthalene)) - 1.1197841,Cu - 1*1.1197841 + 70.79186 - (0.06691909**Tricosane - 0.71092737)/var2_Methylnaphthalene - 1.1197841/Acenaphthylene,PySRFunction(X=>Cu - 1*1.1197841 + 70.79186 - (0.06691909**Tricosane - 0.71092737)/var2_Methylnaphthalene - 1.1197841/Acenaphthylene)
