complexity,loss,score,equation,sympy_format,lambda_format
3,21.083273,0.0,PO_4 + 81.52743,PO_4 + 81.52743,PySRFunction(X=>PO_4 + 81.52743)
5,19.245138,0.0456107599358297,(30.333754 + Cu) + 30.3337,Cu + 30.3337 + 30.333754,PySRFunction(X=>Cu + 30.3337 + 30.333754)
7,18.885399,0.00943468679159397,(Cu + 30.333754) + (30.333754 + Fluoranthene),Cu + Fluoranthene + 30.333754 + 30.333754,PySRFunction(X=>Cu + Fluoranthene + 30.333754 + 30.333754)
9,18.33755,0.014719106851041358,((Cu - (Propylguaiacol - Fluoranthene)) + 30.333754) + 30.333754,Cu - (-Fluoranthene + Propylguaiacol) + 30.333754 + 30.333754,PySRFunction(X=>Cu - (-Fluoranthene + Propylguaiacol) + 30.333754 + 30.333754)
13,18.065268,0.0037399175779859297,((1.4266665 ^ (P / (0.41566837 / 2.0674))) ^ 0.006777028) / (-1.4755177 * -0.01007014),(1.4266665**(P/((0.41566837/2.0674))))**0.006777028/((-1.4755177*(-0.01007014))),PySRFunction(X=>(1.4266665**(P/((0.41566837/2.0674))))**0.006777028/((-1.4755177*(-0.01007014))))
15,17.607435,0.01283497189227384,((((1.5867231 ^ (P / 2.017299)) / Propylguaiacol) ^ 0.03889326) / (-0.93673325 * -0.015836272)) - -1.2519779,(1.5867231**(P/2.017299)/Propylguaiacol)**0.03889326/((-0.93673325*(-0.015836272))) - 1*(-1.2519779),PySRFunction(X=>(1.5867231**(P/2.017299)/Propylguaiacol)**0.03889326/((-0.93673325*(-0.015836272))) - 1*(-1.2519779))
17,17.271233,0.009639485464188231,(((Mg / Pentadecane) * 0.04264588) - -74.76269) - ((((Propylguaiacol + -0.14462063) + Dibenzofuran) - Pentadecane) / Fluoranthene),Mg*0.04264588/Pentadecane - 1*(-74.76269) - (Dibenzofuran - Pentadecane + Propylguaiacol - 0.14462063)/Fluoranthene,PySRFunction(X=>Mg*0.04264588/Pentadecane - 1*(-74.76269) - (Dibenzofuran - Pentadecane + Propylguaiacol - 0.14462063)/Fluoranthene)
19,16.897272,0.010945048156246577,Fluoranthene + ((((((1.5867231 ^ (P / 2.017299)) / Propylguaiacol) + -0.5409851) ^ 0.03889326) / (-0.93673325 * -0.015836272)) + 2.997929),Fluoranthene + (1.5867231**(P/2.017299)/Propylguaiacol - 0.5409851)**0.03889326/((-0.93673325*(-0.015836272))) + 2.997929,PySRFunction(X=>Fluoranthene + (1.5867231**(P/2.017299)/Propylguaiacol - 0.5409851)**0.03889326/((-0.93673325*(-0.015836272))) + 2.997929)
