complexity,loss,score,equation,sympy_format,lambda_format
3,22.623602,0.0,42.99899 + 40.59025,40.59025 + 42.99899,PySRFunction(X=>40.59025 + 42.99899)
5,19.245138,0.08086762010898517,(30.333754 + Cu) + 30.3337,Cu + 30.3337 + 30.333754,PySRFunction(X=>Cu + 30.3337 + 30.333754)
11,19.106848,0.0012019420962760465,((Benzokfluoranthene - ((Docosane / Zn) ^ Naphthalene)) + Cu) + 61.184902,Benzokfluoranthene + Cu - (Docosane/Zn)**Naphthalene + 61.184902,PySRFunction(X=>Benzokfluoranthene + Cu - (Docosane/Zn)**Naphthalene + 61.184902)
15,18.47806,0.008365680619521006,((-1.5660714 / -0.19377007) * ((((-0.3628869 + 0.5626675) ^ -1.4648513) + Pyrene) - -0.89865905)) - Guaiacol,-Guaiacol - 1.5660714*(Pyrene - 1*(-0.89865905) + (-0.3628869 + 0.5626675)**(-1.4648513))/(-0.19377007),PySRFunction(X=>-Guaiacol - 1.5660714*(Pyrene - 1*(-0.89865905) + (-0.3628869 + 0.5626675)**(-1.4648513))/(-0.19377007))
17,18.461483,0.00044876031933554323,((-1.5660714 / -0.19377007) * (((((-0.3628869 + 0.5626675) ^ -1.4648513) + Pyrene) - -0.89865905) - NH_4)) - Guaiacol,-Guaiacol - 1.5660714*(-NH_4 + Pyrene - 1*(-0.89865905) + (-0.3628869 + 0.5626675)**(-1.4648513))/(-0.19377007),PySRFunction(X=>-Guaiacol - 1.5660714*(-NH_4 + Pyrene - 1*(-0.89865905) + (-0.3628869 + 0.5626675)**(-1.4648513))/(-0.19377007))
19,18.262503,0.005418310180711979,((-3.6233568 / -0.49809483) * (((3.1193378 * Benzoapyrene) + ((-0.43395323 + 0.9180382) ^ -3.3130927)) - (-1.5124038 - Tetradecane))) - Guaiacol,-Guaiacol - 3.6233568*(3.1193378*Benzoapyrene - (-Tetradecane - 1.5124038) + (-0.43395323 + 0.9180382)**(-3.3130927))/(-0.49809483),PySRFunction(X=>-Guaiacol - 3.6233568*(3.1193378*Benzoapyrene - (-Tetradecane - 1.5124038) + (-0.43395323 + 0.9180382)**(-3.3130927))/(-0.49809483))
