complexity,loss,score,equation,sympy_format,lambda_format
3,58.620106,0.0,1.1577946 / Phytane,1.1577946/Phytane,PySRFunction(X=>1.1577946/Phytane)
5,27.606855,0.37650681604398595,(-2.487967 * 1.3011733) / -0.03256474,-2.487967*1.3011733/(-0.03256474),PySRFunction(X=>-2.487967*1.3011733/(-0.03256474))
7,22.626078,0.09948048829496595,(-2.487967 * 1.3011733) / (-0.03256474 / 0.844215),-2.487967*1.3011733/(-0.03256474/0.844215),PySRFunction(X=>-2.487967*1.3011733/(-0.03256474/0.844215))
11,22.191748,0.004845656698794076,((-2.487967 * 1.3011733) / (0.8817351 ^ Benzokfluoranthene)) / (-0.03256474 / 0.844215),-2.487967*1.3011733/(0.8817351**Benzokfluoranthene*(-0.03256474/0.844215)),PySRFunction(X=>-2.487967*1.3011733/(0.8817351**Benzokfluoranthene*(-0.03256474/0.844215)))
13,18.592607,0.08847823973855046,((((0.84718907 + (Chrysene + 2.011388)) / 0.30749416) / 0.19092529) * 1.724872) - Eugenol,-Eugenol + (Chrysene + 0.84718907 + 2.011388)*1.724872/(0.30749416*0.19092529),PySRFunction(X=>-Eugenol + (Chrysene + 0.84718907 + 2.011388)*1.724872/(0.30749416*0.19092529))
15,18.477964,0.0030925708018208816,(((((0.84718907 + (Chrysene + 2.011388)) / 0.30749416) / 0.19092529) * 1.724872) - var35_Dimethoxyphenol) - Eugenol,-Eugenol - var35_Dimethoxyphenol + (Chrysene + 0.84718907 + 2.011388)*1.724872/(0.30749416*0.19092529),PySRFunction(X=>-Eugenol - var35_Dimethoxyphenol + (Chrysene + 0.84718907 + 2.011388)*1.724872/(0.30749416*0.19092529))
17,17.600061,0.024338259518332853,(((((0.6841397 + (Chrysene + 1.84569)) / 0.23909967) - (Dibenzofuran * 3.4751031)) / 0.16831088) * 1.381938) - Eugenol,-Eugenol + (-3.4751031*Dibenzofuran + (Chrysene + 0.6841397 + 1.84569)/0.23909967)*1.381938/0.16831088,PySRFunction(X=>-Eugenol + (-3.4751031*Dibenzofuran + (Chrysene + 0.6841397 + 1.84569)/0.23909967)*1.381938/0.16831088)
19,17.559967,0.0011403295065282955,((((((1.5002126 + (Chrysene + 0.6410133)) / 0.35232893) - (Dibenzofuran * 1.6402603)) / 0.25608495) * 3.6384041) - var35_Dimethoxyphenol) - Eugenol,-Eugenol - var35_Dimethoxyphenol + (-1.6402603*Dibenzofuran + (Chrysene + 0.6410133 + 1.5002126)/0.35232893)*3.6384041/0.25608495,PySRFunction(X=>-Eugenol - var35_Dimethoxyphenol + (-1.6402603*Dibenzofuran + (Chrysene + 0.6410133 + 1.5002126)/0.35232893)*3.6384041/0.25608495)
