complexity,loss,score,equation,sympy_format,lambda_format
1,21.34875,0.0,76.7728,76.7728000000000,PySRFunction(X=>76.7728000000000)
3,18.99886,0.058307106292447855,76.77276 - PC_1,76.77276 - PC_1,PySRFunction(X=>76.77276 - PC_1)
5,16.782637,0.062017068651806034,(76.77276 + PC_3) - PC_1,-PC_1 + PC_3 + 76.77276,PySRFunction(X=>-PC_1 + PC_3 + 76.77276)
7,13.994261,0.090848761531306,76.77269 + ((PC_1 - PC_3) / -0.4254619),(PC_1 - PC_3)/(-0.4254619) + 76.77269,PySRFunction(X=>(PC_1 - PC_3)/(-0.4254619) + 76.77269)
9,13.456836,0.019580043640446618,(76.77269 + PC_2) + ((PC_1 - PC_3) / -0.4254619),PC_2 + (PC_1 - PC_3)/(-0.4254619) + 76.77269,PySRFunction(X=>PC_2 + (PC_1 - PC_3)/(-0.4254619) + 76.77269)
11,12.971924,0.01834995003204188,((76.77273 + ((PC_3 * 3.105461) - PC_1)) - PC_1) + PC_2,-PC_1 - PC_1 + PC_2 + PC_3*3.105461 + 76.77273,PySRFunction(X=>-PC_1 - PC_1 + PC_2 + PC_3*3.105461 + 76.77273)
13,12.79628,0.006816412984612751,(((76.77276 + ((PC_3 / 0.32207027) - PC_1)) - PC_1) + PC_2) + PC_4,-PC_1 - PC_1 + PC_2 + PC_3/0.32207027 + PC_4 + 76.77276,PySRFunction(X=>-PC_1 - PC_1 + PC_2 + PC_3/0.32207027 + PC_4 + 76.77276)
15,12.268673,0.021052700385500327,((79.14576 + ((PC_3 * 3.1921535) - PC_1)) - (PC_1 + (-0.60329866 / PC_4))) + PC_2,-PC_1 + PC_2 + PC_3*3.1921535 - (PC_1 - 0.60329866/PC_4) + 79.14576,PySRFunction(X=>-PC_1 + PC_2 + PC_3*3.1921535 - (PC_1 - 0.60329866/PC_4) + 79.14576)
17,12.131816,0.0056088398527162665,((79.06856 + ((PC_3 * 3.1889052) - (PC_1 - PC_4))) - (PC_1 + (-0.58307415 / PC_4))) + PC_2,PC_2 + PC_3*3.1889052 - (PC_1 - 0.58307415/PC_4) - (PC_1 - PC_4) + 79.06856,PySRFunction(X=>PC_2 + PC_3*3.1889052 - (PC_1 - 0.58307415/PC_4) - (PC_1 - PC_4) + 79.06856)
