complexity,loss,score,equation,sympy_format,lambda_format
1,22.623602,0.0,83.589195,83.5891950000000,PySRFunction(X=>83.5891950000000)
6,20.240442,0.022262203099234552,(-0.24667203 * PC_2) + 83.58923,83.58923 - 0.24667203*PC_2,PySRFunction(X=>83.58923 - 0.24667203*PC_2)
11,19.759604,0.004808606098481173,84.68224 + (((235.47835 + PC_2) * PC_2) / -806.30286),PC_2*(PC_2 + 235.47835)/(-806.30286) + 84.68224,PySRFunction(X=>PC_2*(PC_2 + 235.47835)/(-806.30286) + 84.68224)
13,19.071945,0.017710622281511164,(((-0.23798221 + (4.4960303 / PC_3)) * PC_2) - -83.49204) + 0.8384988,PC_2*(-0.23798221 + 4.4960303/PC_3) + 0.8384988 - 1*(-83.49204),PySRFunction(X=>PC_2*(-0.23798221 + 4.4960303/PC_3) + 0.8384988 - 1*(-83.49204))
15,19.071836,2.857608688510729e-06,((((-0.23798221 + (4.4960303 / PC_3)) * PC_2) - -83.49204) + 2.1694603) + -1.3600805,PC_2*(-0.23798221 + 4.4960303/PC_3) - 1.3600805 + 2.1694603 - 1*(-83.49204),PySRFunction(X=>PC_2*(-0.23798221 + 4.4960303/PC_3) - 1.3600805 + 2.1694603 - 1*(-83.49204))
16,19.068653,0.00016690923954275865,((-0.23803179 * PC_2) - -84.35897) - ((3.5678387 - (PC_2 / 0.22073272)) / PC_3),-0.23803179*PC_2 - 1*(-84.35897) - (3.5678387 - PC_2/0.22073272)/PC_3,PySRFunction(X=>-0.23803179*PC_2 - 1*(-84.35897) - (3.5678387 - PC_2/0.22073272)/PC_3)
17,18.960096,0.005709222507939783,-1.3594667 + (((((PC_1 + PC_3) / PC_4) - PC_2) * 0.26259732) - -86.180984),(-PC_2 + (PC_1 + PC_3)/PC_4)*0.26259732 - 1.3594667 - 1*(-86.180984),PySRFunction(X=>(-PC_2 + (PC_1 + PC_3)/PC_4)*0.26259732 - 1.3594667 - 1*(-86.180984))
18,16.810709,0.12032043629867738,(83.17249 + (0.2753966 * ((((PC_1 - 50.76065) / PC_4) / 0.17354268) - PC_2))) - 0.3847325,0.2753966*(-PC_2 + (PC_1 - 1*50.76065)/(0.17354268*PC_4)) - 1*0.3847325 + 83.17249,PySRFunction(X=>0.2753966*(-PC_2 + (PC_1 - 1*50.76065)/(0.17354268*PC_4)) - 1*0.3847325 + 83.17249)
20,16.8107,2.676865802820564e-07,(82.990074 + (0.27541426 * ((((PC_1 - (51.031643 + -0.2910476)) / 0.173571) / PC_4) - PC_2))) - 0.21259841,0.27541426*(-PC_2 + (PC_1 - (-0.2910476 + 51.031643))/(0.173571*PC_4)) - 1*0.21259841 + 82.990074,PySRFunction(X=>0.27541426*(-PC_2 + (PC_1 - (-0.2910476 + 51.031643))/(0.173571*PC_4)) - 1*0.21259841 + 82.990074)
