complexity,loss,score,equation,sympy_format,lambda_format
1,85.635994,0.0,0.9956967,0.995696700000000,PySRFunction(X=>0.995696700000000)
3,22.623602,0.6655559938994122,41.79451 + 41.79451,41.79451 + 41.79451,PySRFunction(X=>41.79451 + 41.79451)
6,22.14306,0.00715652283645525,83.47369 - (0.027523369 * PC_2),83.47369 - 0.027523369*PC_2,PySRFunction(X=>83.47369 - 0.027523369*PC_2)
8,20.240492,0.04491948834403669,((-0.24664636 * PC_2) - -38.40569) + 45.179077,-0.24664636*PC_2 - 1*(-38.40569) + 45.179077,PySRFunction(X=>-0.24664636*PC_2 - 1*(-38.40569) + 45.179077)
12,20.24049,2.4702958039472708e-08,((27.511978 - (0.6060261 * (PC_2 / 2.4570134))) - -29.85585) + 26.221527,-0.6060261*PC_2/2.4570134 + 26.221527 + 27.511978 - 1*(-29.85585),PySRFunction(X=>-0.6060261*PC_2/2.4570134 + 26.221527 + 27.511978 - 1*(-29.85585))
15,20.02802,0.003517586847742976,(84.843605 + (PC_2 * (((927.5141 + PC_1) / -37.142143) / 84.843605))) - 0.59921616,PC_2*(PC_1 + 927.5141)/((-37.142143)*84.843605) - 1*0.59921616 + 84.843605,PySRFunction(X=>PC_2*(PC_1 + 927.5141)/((-37.142143)*84.843605) - 1*0.59921616 + 84.843605)
17,19.744963,0.007116936112212372,(84.843605 + ((((927.5141 + (PC_2 / 0.28961873)) / -37.142143) / 84.843605) * PC_2)) + 0.56822866,PC_2*(PC_2/0.28961873 + 927.5141)/((-37.142143)*84.843605) + 0.56822866 + 84.843605,PySRFunction(X=>PC_2*(PC_2/0.28961873 + 927.5141)/((-37.142143)*84.843605) + 0.56822866 + 84.843605)
19,19.734951,0.000253597315704126,((85.22401 - 0.4662371) + (PC_2 * (((927.5117 + (PC_2 / 0.25192335)) / -37.200794) / 84.86932))) + 0.93626934,PC_2*(PC_2/0.25192335 + 927.5117)/((-37.200794)*84.86932) - 1*0.4662371 + 0.93626934 + 85.22401,PySRFunction(X=>PC_2*(PC_2/0.25192335 + 927.5117)/((-37.200794)*84.86932) - 1*0.4662371 + 0.93626934 + 85.22401)
20,19.715096,0.001006589506798822,(84.843605 + ((((927.5141 + ((PC_2 / 0.28961873) - PC_3)) / -37.142143) / 84.843605) * PC_2)) + 0.56822866,PC_2*(PC_2/0.28961873 - PC_3 + 927.5141)/((-37.142143)*84.843605) + 0.56822866 + 84.843605,PySRFunction(X=>PC_2*(PC_2/0.28961873 - PC_3 + 927.5141)/((-37.142143)*84.843605) + 0.56822866 + 84.843605)
