complexity,loss,score,equation,sympy_format,lambda_format
3,22.623602,0.0,41.79451 + 41.79451,41.79451 + 41.79451,PySRFunction(X=>41.79451 + 41.79451)
14,20.242119,0.010111651364227599,(((0.9113737 - (-1.1622831 - 2.2041845)) / 0.05143574) - (PC_2 * 0.24725853)) + 0.16510555,-0.24725853*PC_2 + 0.16510555 + (0.9113737 - (-1*2.2041845 - 1.1622831))/0.05143574,PySRFunction(X=>-0.24725853*PC_2 + 0.16510555 + (0.9113737 - (-1*2.2041845 - 1.1622831))/0.05143574)
18,20.241077,1.28695372794832e-05,(((((0.16557719 + (2.7149856 - -0.9610836)) / -0.15989715) / -0.2847559) - 1.316149) - (PC_2 * 0.2435329)) - -0.44607383,-0.2435329*PC_2 - 1*1.316149 - 1*(-0.44607383) + (0.16557719 - 1*(-0.9610836) + 2.7149856)/((-0.15989715)*(-0.2847559)),PySRFunction(X=>-0.2435329*PC_2 - 1*1.316149 - 1*(-0.44607383) + (0.16557719 - 1*(-0.9610836) + 2.7149856)/((-0.15989715)*(-0.2847559)))
20,20.234098,0.00017242668053110938,(((((0.8423819 + (4.334086 ^ 1.8700297)) * PC_2) - -0.69517356) / 0.1954712) / PC_2) - (0.24972521 * PC_2),-0.24972521*PC_2 + (PC_2*(0.8423819 + 4.334086**1.8700297) - 1*(-0.69517356))/(0.1954712*PC_2),PySRFunction(X=>-0.24972521*PC_2 + (PC_2*(0.8423819 + 4.334086**1.8700297) - 1*(-0.69517356))/(0.1954712*PC_2))
