complexity,loss,score,equation,sympy_format,lambda_format
3,22.623602,0.0,41.79451 + 41.79451,41.79451 + 41.79451,PySRFunction(X=>41.79451 + 41.79451)
6,20.240473,0.037103161303413006,83.582344 + (-0.24670337 * PC_2),83.582344 - 0.24670337*PC_2,PySRFunction(X=>83.582344 - 0.24670337*PC_2)
10,20.240469,4.94059649272218e-08,((87.683044 - (PC_2 * 0.24664563)) - 1.7866079) - 2.3067768,-0.24664563*PC_2 - 1*2.3067768 - 1*1.7866079 + 87.683044,PySRFunction(X=>-0.24664563*PC_2 - 1*2.3067768 - 1*1.7866079 + 87.683044)
11,20.234312,0.00030423883195288595,(41.79451 + 41.79451) - (0.19739805 * (PC_2 + PC_4)),-0.19739805*(PC_2 + PC_4) + 41.79451 + 41.79451,PySRFunction(X=>-0.19739805*(PC_2 + PC_4) + 41.79451 + 41.79451)
13,20.005442,0.005687720357052925,(83.582344 + (PC_2 * -0.24670337)) - ((-0.24670337 * -0.3540529) * PC_4),PC_2*(-0.24670337) - (-1)*(-0.3540529)*0.24670337*PC_4 + 83.582344,PySRFunction(X=>PC_2*(-0.24670337) - (-1)*(-0.3540529)*0.24670337*PC_4 + 83.582344)
14,19.920176,0.004271249082713544,0.88665307 + ((0.22728918 * ((PC_1 / PC_4) - PC_2)) - -83.04941),0.22728918*(PC_1/PC_4 - PC_2) + 0.88665307 - 1*(-83.04941),PySRFunction(X=>0.22728918*(PC_1/PC_4 - PC_2) + 0.88665307 - 1*(-83.04941))
16,19.790714,0.003260124833723184,((41.791374 + 41.791374) - (PC_2 * (-0.62461185 * -0.3992629))) + (PC_2 / PC_3),-(-0.62461185)*(-0.3992629)*PC_2 + PC_2/PC_3 + 41.791374 + 41.791374,PySRFunction(X=>-(-0.62461185)*(-0.3992629)*PC_2 + PC_2/PC_3 + 41.791374 + 41.791374)
18,19.790146,1.4350370356795328e-05,(((41.791374 + 41.791374) - (PC_2 * (-0.62461185 * -0.3992629))) + (PC_2 / PC_3)) - -0.17788684,-(-0.62461185)*(-0.3992629)*PC_2 + PC_2/PC_3 - 1*(-0.17788684) + 41.791374 + 41.791374,PySRFunction(X=>-(-0.62461185)*(-0.3992629)*PC_2 + PC_2/PC_3 - 1*(-0.17788684) + 41.791374 + 41.791374)
19,19.344172,0.022792951571731498,((0.22728918 * ((((PC_1 + PC_2) / PC_4) - -0.39519504) - PC_2)) - -83.04941) + 1.6583441,0.22728918*(-PC_2 - 1*(-0.39519504) + (PC_1 + PC_2)/PC_4) + 1.6583441 - 1*(-83.04941),PySRFunction(X=>0.22728918*(-PC_2 - 1*(-0.39519504) + (PC_1 + PC_2)/PC_4) + 1.6583441 - 1*(-83.04941))
