complexity,loss,score,equation,sympy_format,lambda_format
3,22.623602,0.0,41.79451 + 41.79451,41.79451 + 41.79451,PySRFunction(X=>41.79451 + 41.79451)
6,20.240473,0.037103161303413006,83.582344 + (-0.24670337 * PC_2),83.582344 - 0.24670337*PC_2,PySRFunction(X=>83.582344 - 0.24670337*PC_2)
10,20.240469,4.94059649272218e-08,((87.683044 - (PC_2 * 0.24664563)) - 1.7866079) - 2.3067768,-0.24664563*PC_2 - 1*2.3067768 - 1*1.7866079 + 87.683044,PySRFunction(X=>-0.24664563*PC_2 - 1*2.3067768 - 1*1.7866079 + 87.683044)
11,20.225466,0.0007415126173379383,(1.0130047 / PC_4) + (83.582344 + (PC_2 * -0.24670337)),PC_2*(-0.24670337) + 83.582344 + 1.0130047/PC_4,PySRFunction(X=>PC_2*(-0.24670337) + 83.582344 + 1.0130047/PC_4)
13,19.993221,0.005774618686382287,(83.582344 + (PC_2 * -0.24670337)) + ((-0.1143098 * PC_4) - -0.1143098),PC_2*(-0.24670337) - 0.1143098*PC_4 - 1*(-0.1143098) + 83.582344,PySRFunction(X=>PC_2*(-0.24670337) - 0.1143098*PC_4 - 1*(-0.1143098) + 83.582344)
14,19.795359,0.009945749810913116,((PC_2 / PC_3) + (83.582344 + (-0.24670337 * PC_2))) + 0.63903767,-0.24670337*PC_2 + PC_2/PC_3 + 0.63903767 + 83.582344,PySRFunction(X=>-0.24670337*PC_2 + PC_2/PC_3 + 0.63903767 + 83.582344)
16,19.329155,0.011916469227665042,(((PC_2 / PC_3) / 0.4114403) + (83.582344 + (-0.24670337 * PC_2))) - -0.29118183,-0.24670337*PC_2 + PC_2/(0.4114403*PC_3) - 1*(-0.29118183) + 83.582344,PySRFunction(X=>-0.24670337*PC_2 + PC_2/(0.4114403*PC_3) - 1*(-0.29118183) + 83.582344)
18,19.078794,0.006518560677961715,(((1.8223522 * (PC_2 / PC_3)) / 0.4114403) + (83.582344 + (-0.24670337 * PC_2))) - -0.29118183,-0.24670337*PC_2 + 1.8223522*PC_2/(0.4114403*PC_3) - 1*(-0.29118183) + 83.582344,PySRFunction(X=>-0.24670337*PC_2 + 1.8223522*PC_2/(0.4114403*PC_3) - 1*(-0.29118183) + 83.582344)
20,19.071705,0.0001858167066592053,((((PC_2 / PC_3) * 1.8324025) / 0.4050366) + (84.02381 + (PC_2 * -0.23810263))) - (-0.029172314 + -0.19420286),PC_2*(-0.23810263) + PC_2*1.8324025/(PC_3*0.4050366) - (-0.19420286 - 0.029172314) + 84.02381,PySRFunction(X=>PC_2*(-0.23810263) + PC_2*1.8324025/(PC_3*0.4050366) - (-0.19420286 - 0.029172314) + 84.02381)
