complexity,loss,score,equation,sympy_format,lambda_format
3,22.623602,0.0,41.79451 + 41.79451,41.79451 + 41.79451,PySRFunction(X=>41.79451 + 41.79451)
14,20.240454,0.010119129329447285,(((0.34256425 - (-0.5931495 - 1.6340691)) / 0.030832682) - (PC_2 * 0.24706498)) + 0.2536909,-0.24706498*PC_2 + 0.2536909 + (0.34256425 - (-1*1.6340691 - 0.5931495))/0.030832682,PySRFunction(X=>-0.24706498*PC_2 + 0.2536909 + (0.34256425 - (-1*1.6340691 - 0.5931495))/0.030832682)
20,20.234058,5.267512595943272e-05,(((((0.8426951 + (4.3337474 ^ 1.8699327)) * PC_2) - -0.69502544) / 0.19542429) / PC_2) - (0.24973291 * PC_2),-0.24973291*PC_2 + (PC_2*(0.8426951 + 4.3337474**1.8699327) - 1*(-0.69502544))/(0.19542429*PC_2),PySRFunction(X=>-0.24973291*PC_2 + (PC_2*(0.8426951 + 4.3337474**1.8699327) - 1*(-0.69502544))/(0.19542429*PC_2))
