complexity,loss,score,equation,sympy_format,lambda_format
3,22.623602,0.0,41.79451 + 41.79451,41.79451 + 41.79451,PySRFunction(X=>41.79451 + 41.79451)
14,20.240679,0.010118118757660435,(((0.33584002 - (-0.5864163 - 1.6273166)) / 0.030564751) - (PC_2 * 0.24772535)) + 0.2542471,-0.24772535*PC_2 + 0.2542471 + (0.33584002 - (-1*1.6273166 - 0.5864163))/0.030564751,PySRFunction(X=>-0.24772535*PC_2 + 0.2542471 + (0.33584002 - (-1*1.6273166 - 0.5864163))/0.030564751)
20,20.234108,5.411599454685787e-05,(((((0.84237784 + (4.3338566 ^ 1.8696702)) * PC_2) - -0.69595104) / 0.19535767) / PC_2) - (0.24972545 * PC_2),-0.24972545*PC_2 + (PC_2*(0.84237784 + 4.3338566**1.8696702) - 1*(-0.69595104))/(0.19535767*PC_2),PySRFunction(X=>-0.24972545*PC_2 + (PC_2*(0.84237784 + 4.3338566**1.8696702) - 1*(-0.69595104))/(0.19535767*PC_2))
