complexity,loss,score,equation,sympy_format,lambda_format
3,22.623602,0.0,41.79451 + 41.79451,41.79451 + 41.79451,PySRFunction(X=>41.79451 + 41.79451)
6,20.35401,0.03523858451603915,(-0.29904926 * PC_2) + 83.58702,83.58702 - 0.29904926*PC_2,PySRFunction(X=>83.58702 - 0.29904926*PC_2)
8,20.240675,0.0027918752039978348,(0.24665296 - (PC_2 * 0.24665296)) + 83.43909,-0.24665296*PC_2 + 0.24665296 + 83.43909,PySRFunction(X=>-0.24665296*PC_2 + 0.24665296 + 83.43909)
10,20.240444,5.706363996562787e-06,((0.24665296 / 1.6332645) - (PC_2 * 0.24665296)) + 83.43909,-0.24665296*PC_2 + 0.24665296/1.6332645 + 83.43909,PySRFunction(X=>-0.24665296*PC_2 + 0.24665296/1.6332645 + 83.43909)
11,20.107935,0.006568267656707696,((-0.29904926 * PC_2) + 83.58702) - (0.117438436 * PC_4),-0.29904926*PC_2 - 0.117438436*PC_4 + 83.58702,PySRFunction(X=>-0.29904926*PC_2 - 0.117438436*PC_4 + 83.58702)
15,20.05471,0.0006626185994331687,(((0.24665296 - (0.24665296 * PC_2)) + 0.010688271) + 83.43909) + (-0.1689055 * PC_4),-0.24665296*PC_2 - 0.1689055*PC_4 + 0.010688271 + 0.24665296 + 83.43909,PySRFunction(X=>-0.24665296*PC_2 - 0.1689055*PC_4 + 0.010688271 + 0.24665296 + 83.43909)
18,19.992535,0.0010350283347462638,-0.028145 + ((((41.808937 + PC_4) - (0.24667814 * PC_2)) - (PC_4 / 0.89889765)) + 41.808937),-0.24667814*PC_2 - PC_4/0.89889765 + PC_4 - 0.028145 + 41.808937 + 41.808937,PySRFunction(X=>-0.24667814*PC_2 - PC_4/0.89889765 + PC_4 - 0.028145 + 41.808937 + 41.808937)
