complexity,loss,score,equation,sympy_format,lambda_format
3,22.623602,0.0,41.79451 + 41.79451,41.79451 + 41.79451,PySRFunction(X=>41.79451 + 41.79451)
6,22.617794,8.55853347512327e-05,83.43909 + (1.8895111 / PC_3),83.43909 + 1.8895111/PC_3,PySRFunction(X=>83.43909 + 1.8895111/PC_3)
8,20.240675,0.05552137397592972,(0.24665296 - (PC_2 * 0.24665296)) + 83.43909,-0.24665296*PC_2 + 0.24665296 + 83.43909,PySRFunction(X=>-0.24665296*PC_2 + 0.24665296 + 83.43909)
10,20.240444,5.706363996562787e-06,((0.24665296 / 1.6332645) - (PC_2 * 0.24665296)) + 83.43909,-0.24665296*PC_2 + 0.24665296/1.6332645 + 83.43909,PySRFunction(X=>-0.24665296*PC_2 + 0.24665296/1.6332645 + 83.43909)
11,20.219873,0.0010168482749406548,((2.04968 / PC_4) - (PC_2 * 0.24665296)) + 83.43909,-0.24665296*PC_2 + 83.43909 + 2.04968/PC_4,PySRFunction(X=>-0.24665296*PC_2 + 83.43909 + 2.04968/PC_4)
15,20.05471,0.0020504734448749482,(((0.24665296 - (0.24665296 * PC_2)) + 0.010688271) + 83.43909) + (-0.1689055 * PC_4),-0.24665296*PC_2 - 0.1689055*PC_4 + 0.010688271 + 0.24665296 + 83.43909,PySRFunction(X=>-0.24665296*PC_2 - 0.1689055*PC_4 + 0.010688271 + 0.24665296 + 83.43909)
18,19.992535,0.0010350283347462638,-0.028145 + ((((41.808937 + PC_4) - (0.24667814 * PC_2)) - (PC_4 / 0.89889765)) + 41.808937),-0.24667814*PC_2 - PC_4/0.89889765 + PC_4 - 0.028145 + 41.808937 + 41.808937,PySRFunction(X=>-0.24667814*PC_2 - PC_4/0.89889765 + PC_4 - 0.028145 + 41.808937 + 41.808937)
