complexity,loss,score,equation,sympy_format,lambda_format
1,86.881836,0.0,-0.2953444,-0.295344400000000,PySRFunction(X=>-0.295344400000000)
3,22.623602,0.6727776454686816,41.79451 + 41.79451,41.79451 + 41.79451,PySRFunction(X=>41.79451 + 41.79451)
6,20.35401,0.03523858451603915,(-0.29904926 * PC_2) + 83.58702,83.58702 - 0.29904926*PC_2,PySRFunction(X=>83.58702 - 0.29904926*PC_2)
8,20.240444,0.0027975815679944084,((PC_2 / 0.22229992) / -18.241074) - -83.58815,PC_2/((-18.241074)*0.22229992) - 1*(-83.58815),PySRFunction(X=>PC_2/((-18.241074)*0.22229992) - 1*(-83.58815))
11,20.107935,0.002189422552235899,((-0.29904926 * PC_2) + 83.58702) - (0.117438436 * PC_4),-0.29904926*PC_2 - 0.117438436*PC_4 + 83.58702,PySRFunction(X=>-0.29904926*PC_2 - 0.117438436*PC_4 + 83.58702)
14,19.790009,0.005312432963777741,0.082136445 + (((PC_2 / PC_3) - (0.24078237 * PC_2)) - -83.58187),-0.24078237*PC_2 + PC_2/PC_3 + 0.082136445 - 1*(-83.58187),PySRFunction(X=>-0.24078237*PC_2 + PC_2/PC_3 + 0.082136445 - 1*(-83.58187))
16,19.071697,0.018485905398601298,(((PC_2 * 4.5249367) / PC_3) - (-84.49833 - (-0.23806134 * PC_2))) + -0.25205404,PC_2*4.5249367/PC_3 - (-(-1)*0.23806134*PC_2 - 84.49833) - 0.25205404,PySRFunction(X=>PC_2*4.5249367/PC_3 - (-(-1)*0.23806134*PC_2 - 84.49833) - 0.25205404)
18,19.068417,8.59986943952351e-05,(((4.562254 * (PC_2 + -1.1404556)) / PC_3) - (-84.29452 - (-0.2384888 * PC_2))) + 0.031896926,-(-(-1)*0.2384888*PC_2 - 84.29452) + 0.031896926 + 4.562254*(PC_2 - 1.1404556)/PC_3,PySRFunction(X=>-(-(-1)*0.2384888*PC_2 - 84.29452) + 0.031896926 + 4.562254*(PC_2 - 1.1404556)/PC_3)
19,18.976425,0.004835986927368802,((83.13531 + (PC_2 * -0.23805061)) - ((PC_4 - (PC_2 / 0.2197304)) / PC_3)) + 0.80426097,PC_2*(-0.23805061) + 0.80426097 + 83.13531 - (-PC_2/0.2197304 + PC_4)/PC_3,PySRFunction(X=>PC_2*(-0.23805061) + 0.80426097 + 83.13531 - (-PC_2/0.2197304 + PC_4)/PC_3)
