complexity,loss,score,equation,sympy_format,lambda_format
3,22.623602,0.0,41.79451 + 41.79451,41.79451 + 41.79451,PySRFunction(X=>41.79451 + 41.79451)
6,22.14306,0.00715652283645525,83.47369 - (0.027523369 * PC_2),83.47369 - 0.027523369*PC_2,PySRFunction(X=>83.47369 - 0.027523369*PC_2)
8,21.740566,0.009172106399765007,83.47369 - ((0.027523369 * 1.9259288) * PC_2),83.47369 - 0.027523369*1.9259288*PC_2,PySRFunction(X=>83.47369 - 0.027523369*1.9259288*PC_2)
10,20.242018,0.035709686653126786,((0.13382526 * PC_2) * -1.7977521) - (9.142609 * -9.142419),0.13382526*PC_2*(-1.7977521) - (-9.142419)*9.142609,PySRFunction(X=>0.13382526*PC_2*(-1.7977521) - (-9.142419)*9.142609)
12,20.24049,3.774469706091733e-05,((27.511978 - (0.6060261 * (PC_2 / 2.4570134))) - -29.85585) + 26.221527,-0.6060261*PC_2/2.4570134 + 26.221527 + 27.511978 - 1*(-29.85585),PySRFunction(X=>-0.6060261*PC_2/2.4570134 + 26.221527 + 27.511978 - 1*(-29.85585))
15,20.02802,0.003517586847742976,(84.843605 + (PC_2 * (((927.5141 + PC_1) / -37.142143) / 84.843605))) - 0.59921616,PC_2*(PC_1 + 927.5141)/((-37.142143)*84.843605) - 1*0.59921616 + 84.843605,PySRFunction(X=>PC_2*(PC_1 + 927.5141)/((-37.142143)*84.843605) - 1*0.59921616 + 84.843605)
17,19.791145,0.005948838812286835,(84.843605 + (PC_2 * (((927.5141 + (PC_2 / 0.2419283)) / -37.142143) / 84.843605))) + -0.5255702,PC_2*(PC_2/0.2419283 + 927.5141)/((-37.142143)*84.843605) - 0.5255702 + 84.843605,PySRFunction(X=>PC_2*(PC_2/0.2419283 + 927.5141)/((-37.142143)*84.843605) - 0.5255702 + 84.843605)
19,19.736273,0.0013882018615033196,(84.843605 + (PC_2 * (((927.5141 + (PC_2 / 0.2419283)) / -37.142143) / 84.843605))) + (-0.5255702 / -0.5255702),PC_2*(PC_2/0.2419283 + 927.5141)/((-37.142143)*84.843605) - 0.5255702/(-0.5255702) + 84.843605,PySRFunction(X=>PC_2*(PC_2/0.2419283 + 927.5141)/((-37.142143)*84.843605) - 0.5255702/(-0.5255702) + 84.843605)
20,19.72973,0.00033157652473433626,(84.843605 + (PC_2 * (((927.5141 + (PC_2 / 0.2419283)) / -37.142143) / 84.843605))) + (3.3848634 / PC_4),PC_2*(PC_2/0.2419283 + 927.5141)/((-37.142143)*84.843605) + 84.843605 + 3.3848634/PC_4,PySRFunction(X=>PC_2*(PC_2/0.2419283 + 927.5141)/((-37.142143)*84.843605) + 84.843605 + 3.3848634/PC_4)
