complexity,loss,score,equation,sympy_format,lambda_format
3,22.623602,0.0,40.81278 + 42.777603,40.81278 + 42.777603,PySRFunction(X=>40.81278 + 42.777603)
8,20.19269,0.022734607979483096,(0.04854806 ^ -1.4611285) - (0.04069124 - PC_2),-(0.04069124 - PC_2) + 0.04854806**(-1.4611285),PySRFunction(X=>-(0.04069124 - PC_2) + 0.04854806**(-1.4611285))
10,19.290539,0.022852944629072183,(27.920889 - (-26.732388 - (PC_2 * 2.0123386))) - -28.935917,-(-2.0123386*PC_2 - 26.732388) + 27.920889 - 1*(-28.935917),PySRFunction(X=>-(-2.0123386*PC_2 - 26.732388) + 27.920889 - 1*(-28.935917))
14,19.192087,0.001279177450042676,(((PC_2 - -1.6573144) - (-13.596477 / 0.16578977)) + PC_2) - PC_4,PC_2 + PC_2 - PC_4 - 1*(-1.6573144) - (-1)*13.596477/0.16578977,PySRFunction(X=>PC_2 + PC_2 - PC_4 - 1*(-1.6573144) - (-1)*13.596477/0.16578977)
18,18.922789,0.003532773939502765,((0.7020343 * ((0.9890708 / 0.07880201) / 0.10525241)) + (PC_2 + PC_2)) + (0.66424644 / PC_2),PC_2 + PC_2 + 0.7020343*0.9890708/(0.07880201*0.10525241) + 0.66424644/PC_2,PySRFunction(X=>PC_2 + PC_2 + 0.7020343*0.9890708/(0.07880201*0.10525241) + 0.66424644/PC_2)
20,18.916378,0.00016942762142049995,((83.98257 + (((-10.444806 / 134.59929) / 88.2668) / 166.84377)) + (PC_2 + PC_2)) + (0.75329304 / PC_2),PC_2 + PC_2 - 10.444806/(134.59929*166.84377*88.2668) + 83.98257 + 0.75329304/PC_2,PySRFunction(X=>PC_2 + PC_2 - 10.444806/(134.59929*166.84377*88.2668) + 83.98257 + 0.75329304/PC_2)
