complexity,loss,score,equation,sympy_format,lambda_format
3,17.819723,0.0,P + 64.78775,P + 64.78775,PySRFunction(X=>P + 64.78775)
5,17.361423,0.013027600835355792,P + (64.78775 - Propylguaiacol),P - Propylguaiacol + 64.78775,PySRFunction(X=>P - Propylguaiacol + 64.78775)
7,17.24659,0.003318116571236753,P + ((64.78775 - Propylguaiacol) + Nonadecane),Nonadecane + P - Propylguaiacol + 64.78775,PySRFunction(X=>Nonadecane + P - Propylguaiacol + 64.78775)
9,17.212996,0.0009748814348062675,(((P + -0.08162447) - Propylguaiacol) + Pentacosane) + 64.76029,P + Pentacosane - Propylguaiacol - 0.08162447 + 64.76029,PySRFunction(X=>P + Pentacosane - Propylguaiacol - 0.08162447 + 64.76029)
11,17.140202,0.002118990754551535,((-10.422214 - Cl) + (0.5067436 / Retene)) + (P + 71.41077),-Cl + P - 10.422214 + 71.41077 + 0.5067436/Retene,PySRFunction(X=>-Cl + P - 10.422214 + 71.41077 + 0.5067436/Retene)
13,16.84841,0.008585204034772927,((26.861689 + (Heptadecane - Naphthalene)) + (0.41034785 / Retene)) + (P + 33.171646),Heptadecane - Naphthalene + P + 26.861689 + 33.171646 + 0.41034785/Retene,PySRFunction(X=>Heptadecane - Naphthalene + P + 26.861689 + 33.171646 + 0.41034785/Retene)
15,16.742233,0.0031609205462184288,(((24.805925 - PO_4) + Cu) + 41.89998) + (3.8351429 + ((Acenaphthylene - Propylguaiacol) * 4.245439)),Cu - PO_4 + (Acenaphthylene - Propylguaiacol)*4.245439 + 3.8351429 + 24.805925 + 41.89998,PySRFunction(X=>Cu - PO_4 + (Acenaphthylene - Propylguaiacol)*4.245439 + 3.8351429 + 24.805925 + 41.89998)
17,16.627348,0.0034428197917913722,(((24.805925 - PO_4) + Cu) + 41.89998) + (3.8351429 + (((Acenaphthylene / 0.27869448) - Propylguaiacol) * 4.245439)),Cu - PO_4 + (Acenaphthylene/0.27869448 - Propylguaiacol)*4.245439 + 3.8351429 + 24.805925 + 41.89998,PySRFunction(X=>Cu - PO_4 + (Acenaphthylene/0.27869448 - Propylguaiacol)*4.245439 + 3.8351429 + 24.805925 + 41.89998)
19,16.4284,0.006018632590643219,(30.690783 + ((30.690777 - PO_4) + Cu)) + ((((Acenaphthylene - Propylguaiacol) * -2.060534) * (-2.060534 - Ni)) + 9.160724),Cu - PO_4 + (Acenaphthylene - Propylguaiacol)*(-2.060534)*(-Ni - 2.060534) + 9.160724 + 30.690777 + 30.690783,PySRFunction(X=>Cu - PO_4 + (Acenaphthylene - Propylguaiacol)*(-2.060534)*(-Ni - 2.060534) + 9.160724 + 30.690777 + 30.690783)
