complexity,loss,score,equation,sympy_format,lambda_format
3,22.623602,0.0,-11.991486 + 95.58071,-11.991486 + 95.58071,PySRFunction(X=>-11.991486 + 95.58071)
5,21.431923,0.027056079072147698,(86.090225 - var35_Dimethoxyphenol) - Propylguaiacol,-Propylguaiacol - var35_Dimethoxyphenol + 86.090225,PySRFunction(X=>-Propylguaiacol - var35_Dimethoxyphenol + 86.090225)
7,19.901567,0.03704153356422294,((21.912237 + 21.912249) + Cu) + 21.912237,Cu + 21.912237 + 21.912237 + 21.912249,PySRFunction(X=>Cu + 21.912237 + 21.912237 + 21.912249)
9,19.03318,0.022307350214771256,(((21.912237 + 21.912249) + Cu) - Propylguaiacol) + 21.912237,Cu - Propylguaiacol + 21.912237 + 21.912237 + 21.912249,PySRFunction(X=>Cu - Propylguaiacol + 21.912237 + 21.912237 + 21.912249)
11,17.77556,0.034179645901847154,(((P - -6.690333) - (-9.264739 * 4.552528)) / 0.8464652) + 2.7159665,(P - 1*(-6.690333) - (-1)*4.552528*9.264739)/0.8464652 + 2.7159665,PySRFunction(X=>(P - 1*(-6.690333) - (-1)*4.552528*9.264739)/0.8464652 + 2.7159665)
13,17.60375,0.0048562662927779604,(((P - -6.690333) - ((-9.264739 * 4.552528) - Heptacosane)) / 0.8464652) + 2.7159665,(P - (-Heptacosane - 9.264739*4.552528) - 1*(-6.690333))/0.8464652 + 2.7159665,PySRFunction(X=>(P - (-Heptacosane - 9.264739*4.552528) - 1*(-6.690333))/0.8464652 + 2.7159665)
15,17.591228,0.0003557894120112962,(((P - -6.690333) - ((-9.264739 * 4.552528) - (1.2742337 - SO_4))) / 0.8464652) + 2.7159665,(P - (-(1.2742337 - SO_4) - 9.264739*4.552528) - 1*(-6.690333))/0.8464652 + 2.7159665,PySRFunction(X=>(P - (-(1.2742337 - SO_4) - 9.264739*4.552528) - 1*(-6.690333))/0.8464652 + 2.7159665)
19,17.37592,0.0030787572541848764,((((P + Heneicosane) - (-6.690333 - (-0.26066363 / (Isoeugenol ^ -0.51890737)))) - (-9.264739 * 4.552528)) / 0.8464652) + 2.7159665,(Heneicosane + P - (-6.690333 - (-1)*0.26066363/(Isoeugenol**(-0.51890737))) - (-1)*4.552528*9.264739)/0.8464652 + 2.7159665,PySRFunction(X=>(Heneicosane + P - (-6.690333 - (-1)*0.26066363/(Isoeugenol**(-0.51890737))) - (-1)*4.552528*9.264739)/0.8464652 + 2.7159665)
