complexity,loss,score,equation,sympy_format,lambda_format
3,22.623602,0.0,41.147884 + 42.441383,41.147884 + 42.441383,PySRFunction(X=>41.147884 + 42.441383)
11,22.110794,0.002865974005596273,((Zn + 0.6032187) / Sb) - ((Acetosyringone - -2.5646856) * -2.1539595),-(-2.1539595)*(Acetosyringone - 1*(-2.5646856)) + (Zn + 0.6032187)/Sb,PySRFunction(X=>-(-2.1539595)*(Acetosyringone - 1*(-2.5646856)) + (Zn + 0.6032187)/Sb)
13,21.001427,0.025737758890584994,((((Ni - -0.87532294) / Cr) + Zn) / Sb) - (Acetosyringone * -2.1539595),-(-2.1539595)*Acetosyringone + (Zn + (Ni - 1*(-0.87532294))/Cr)/Sb,PySRFunction(X=>-(-2.1539595)*Acetosyringone + (Zn + (Ni - 1*(-0.87532294))/Cr)/Sb)
15,19.164343,0.04576948539633047,7.085051 * (((Cu + (0.9866867 / Eicosane)) / 6.9459333) - ((-3.374772 + -2.1433725) - 2.2956746)),7.085051*((Cu + 0.9866867/Eicosane)/6.9459333 - (-3.374772 - 1*2.2956746 - 2.1433725)),PySRFunction(X=>7.085051*((Cu + 0.9866867/Eicosane)/6.9459333 - (-3.374772 - 1*2.2956746 - 2.1433725)))
19,18.425604,0.009827549479536879,((((Cr + (Guaiacol ^ Cr)) / Guaiacol) * (0.098912805 / Retene)) + PO_4) - ((0.34260446 * Guaiacol) - 77.62495),PO_4 - (0.34260446*Guaiacol - 1*77.62495) + (Cr + Guaiacol**Cr)*0.098912805/(Guaiacol*Retene),PySRFunction(X=>PO_4 - (0.34260446*Guaiacol - 1*77.62495) + (Cr + Guaiacol**Cr)*0.098912805/(Guaiacol*Retene))
