complexity,loss,score,equation,sympy_format,lambda_format
3,21.729641,0.0,Cr + 81.45398,Cr + 81.45398,PySRFunction(X=>Cr + 81.45398)
5,19.258759,0.06035565147964195,(Cu + 30.695824) + 30.695824,Cu + 30.695824 + 30.695824,PySRFunction(X=>Cu + 30.695824 + 30.695824)
7,18.726234,0.014020270900145626,98.898 - ((-0.45875123 - -6.703586) / Mn),98.898 - (-0.45875123 - 1*(-6.703586))/Mn,PySRFunction(X=>98.898 - (-0.45875123 - 1*(-6.703586))/Mn)
9,18.411026,0.008487852080097712,98.898 - ((-0.021201354 - (-6.703586 + Fluoranthene)) / Mn),98.898 - (-(Fluoranthene - 6.703586) - 0.021201354)/Mn,PySRFunction(X=>98.898 - (-(Fluoranthene - 6.703586) - 0.021201354)/Mn)
11,17.278315,0.03174873861301416,((Ba - Eugenol) + ((Pyrene / Tridecane) + 77.973495)) + Pyrene,Ba - Eugenol + Pyrene + Pyrene/Tridecane + 77.973495,PySRFunction(X=>Ba - Eugenol + Pyrene + Pyrene/Tridecane + 77.973495)
13,17.046766,0.00674586936406924,(((6.837972 * ((P - Ethylguaiacol) / 207.36566)) + 2.7558892) * 23.99075) + 7.323334,(6.837972*(-Ethylguaiacol + P)/207.36566 + 2.7558892)*23.99075 + 7.323334,PySRFunction(X=>(6.837972*(-Ethylguaiacol + P)/207.36566 + 2.7558892)*23.99075 + 7.323334)
15,16.889807,0.004625102222261668,((((7.3190475 * ((P - Ethylguaiacol) / 207.34892)) + 2.655741) * 24.123634) + 7.3190475) + Octacosane,Octacosane + (7.3190475*(-Ethylguaiacol + P)/207.34892 + 2.655741)*24.123634 + 7.3190475,PySRFunction(X=>Octacosane + (7.3190475*(-Ethylguaiacol + P)/207.34892 + 2.655741)*24.123634 + 7.3190475)
19,16.567926,0.004810411558158787,(-6.093516 + (((Tricosane - Propylguaiacol) + (((-1.3609836 / Methylfluorene) - -34.950493) - -34.950607)) + (21.017014 / Propylguaiacol))) + var35_Dimethoxyphenol,-Propylguaiacol + Tricosane + var35_Dimethoxyphenol - 6.093516 - 1*(-34.950493) - 1*(-34.950607) + 21.017014/Propylguaiacol - 1.3609836/Methylfluorene,PySRFunction(X=>-Propylguaiacol + Tricosane + var35_Dimethoxyphenol - 6.093516 - 1*(-34.950493) - 1*(-34.950607) + 21.017014/Propylguaiacol - 1.3609836/Methylfluorene)
