complexity,loss,score,equation,sympy_format,lambda_format
3,21.755945,0.0,Cr - -82.52583,Cr - 1*(-82.52583),PySRFunction(X=>Cr - 1*(-82.52583))
5,20.259361,0.03563504758819579,0.4719608 - (-82.52583 + Ethylguaiacol),0.4719608 - (Ethylguaiacol - 82.52583),PySRFunction(X=>0.4719608 - (Ethylguaiacol - 82.52583))
7,18.726234,0.03934576495469416,98.898 - ((-0.45875123 - -6.703586) / Mn),98.898 - (-0.45875123 - 1*(-6.703586))/Mn,PySRFunction(X=>98.898 - (-0.45875123 - 1*(-6.703586))/Mn)
9,18.411026,0.008487852080097712,98.898 - ((-0.021201354 - (-6.703586 + Fluoranthene)) / Mn),98.898 - (-(Fluoranthene - 6.703586) - 0.021201354)/Mn,PySRFunction(X=>98.898 - (-(Fluoranthene - 6.703586) - 0.021201354)/Mn)
13,17.046766,0.019247303988541725,(((6.837972 * ((P - Ethylguaiacol) / 207.36566)) + 2.7558892) * 23.99075) + 7.323334,(6.837972*(-Ethylguaiacol + P)/207.36566 + 2.7558892)*23.99075 + 7.323334,PySRFunction(X=>(6.837972*(-Ethylguaiacol + P)/207.36566 + 2.7558892)*23.99075 + 7.323334)
15,16.889807,0.004625102222261668,((((7.3190475 * ((P - Ethylguaiacol) / 207.34892)) + 2.655741) * 24.123634) + 7.3190475) + Octacosane,Octacosane + (7.3190475*(-Ethylguaiacol + P)/207.34892 + 2.655741)*24.123634 + 7.3190475,PySRFunction(X=>Octacosane + (7.3190475*(-Ethylguaiacol + P)/207.34892 + 2.655741)*24.123634 + 7.3190475)
19,16.567926,0.004810411558158787,(-6.093516 + (((Tricosane - Propylguaiacol) + (((-1.3609836 / Methylfluorene) - -34.950493) - -34.950607)) + (21.017014 / Propylguaiacol))) + var35_Dimethoxyphenol,-Propylguaiacol + Tricosane + var35_Dimethoxyphenol - 6.093516 - 1*(-34.950493) - 1*(-34.950607) + 21.017014/Propylguaiacol - 1.3609836/Methylfluorene,PySRFunction(X=>-Propylguaiacol + Tricosane + var35_Dimethoxyphenol - 6.093516 - 1*(-34.950493) - 1*(-34.950607) + 21.017014/Propylguaiacol - 1.3609836/Methylfluorene)
