complexity,loss,score,equation,sympy_format,lambda_format
1,84.85045,0.0,1.8104621,1.81046210000000,PySRFunction(X=>1.81046210000000)
3,19.495243,0.7353599040257359,Cu + 63.78024,Cu + 63.78024,PySRFunction(X=>Cu + 63.78024)
5,18.762476,0.019155784639948378,(Cu - Propylguaiacol) + 63.78024,Cu - Propylguaiacol + 63.78024,PySRFunction(X=>Cu - Propylguaiacol + 63.78024)
7,17.577942,0.032607048626768206,((13.301569 / Propylguaiacol) + Nonadecane) + 59.102566,Nonadecane + 59.102566 + 13.301569/Propylguaiacol,PySRFunction(X=>Nonadecane + 59.102566 + 13.301569/Propylguaiacol)
11,17.278315,0.0042981433776794475,((Ba - Eugenol) + ((Pyrene / Tridecane) + 77.973495)) + Pyrene,Ba - Eugenol + Pyrene + Pyrene/Tridecane + 77.973495,PySRFunction(X=>Ba - Eugenol + Pyrene + Pyrene/Tridecane + 77.973495)
13,17.046766,0.00674586936406924,(((6.837972 * ((P - Ethylguaiacol) / 207.36566)) + 2.7558892) * 23.99075) + 7.323334,(6.837972*(-Ethylguaiacol + P)/207.36566 + 2.7558892)*23.99075 + 7.323334,PySRFunction(X=>(6.837972*(-Ethylguaiacol + P)/207.36566 + 2.7558892)*23.99075 + 7.323334)
15,16.889807,0.004625102222261668,((((7.3190475 * ((P - Ethylguaiacol) / 207.34892)) + 2.655741) * 24.123634) + 7.3190475) + Octacosane,Octacosane + (7.3190475*(-Ethylguaiacol + P)/207.34892 + 2.655741)*24.123634 + 7.3190475,PySRFunction(X=>Octacosane + (7.3190475*(-Ethylguaiacol + P)/207.34892 + 2.655741)*24.123634 + 7.3190475)
17,16.651678,0.007099655872709511,(((Pyrene ^ 15.737459) - Sr) + ((((Fe - Eugenol) - 2.8078778) - -103.19856) / 1.7156098)) - -13.139295,Pyrene**15.737459 - Sr + (-Eugenol + Fe - 1*2.8078778 - 1*(-103.19856))/1.7156098 - 1*(-13.139295),PySRFunction(X=>Pyrene**15.737459 - Sr + (-Eugenol + Fe - 1*2.8078778 - 1*(-103.19856))/1.7156098 - 1*(-13.139295))
19,16.567926,0.0025211672436080915,(-6.093516 + (((Tricosane - Propylguaiacol) + (((-1.3609836 / Methylfluorene) - -34.950493) - -34.950607)) + (21.017014 / Propylguaiacol))) + var35_Dimethoxyphenol,-Propylguaiacol + Tricosane + var35_Dimethoxyphenol - 6.093516 - 1*(-34.950493) - 1*(-34.950607) + 21.017014/Propylguaiacol - 1.3609836/Methylfluorene,PySRFunction(X=>-Propylguaiacol + Tricosane + var35_Dimethoxyphenol - 6.093516 - 1*(-34.950493) - 1*(-34.950607) + 21.017014/Propylguaiacol - 1.3609836/Methylfluorene)
