complexity,loss,score,equation,sympy_format,lambda_format
3,17.819723,0.0,P + 64.78775,P + 64.78775,PySRFunction(X=>P + 64.78775)
5,17.361423,0.013027600835355792,P + (64.78775 - Propylguaiacol),P - Propylguaiacol + 64.78775,PySRFunction(X=>P - Propylguaiacol + 64.78775)
7,17.24659,0.003318116571236753,P + ((64.78775 - Propylguaiacol) + Nonadecane),Nonadecane + P - Propylguaiacol + 64.78775,PySRFunction(X=>Nonadecane + P - Propylguaiacol + 64.78775)
9,17.009155,0.006931357131698189,(26.861689 + (0.41034785 / Retene)) + (P + 33.171646),P + 26.861689 + 33.171646 + 0.41034785/Retene,PySRFunction(X=>P + 26.861689 + 33.171646 + 0.41034785/Retene)
11,16.989672,0.000573049244688519,((26.861689 + Naphthalene) + (0.41034785 / Retene)) + (P + 33.171646),Naphthalene + P + 26.861689 + 33.171646 + 0.41034785/Retene,PySRFunction(X=>Naphthalene + P + 26.861689 + 33.171646 + 0.41034785/Retene)
13,16.805933,0.005436825598513311,((26.861689 + (Heptadecane ^ Sb)) + (0.41034785 / Retene)) + (P + 33.171646),Heptadecane**Sb + P + 26.861689 + 33.171646 + 0.41034785/Retene,PySRFunction(X=>Heptadecane**Sb + P + 26.861689 + 33.171646 + 0.41034785/Retene)
15,16.742233,0.0018987647954491404,(((24.805925 - PO_4) + Cu) + 41.89998) + (3.8351429 + ((Acenaphthylene - Propylguaiacol) * 4.245439)),Cu - PO_4 + (Acenaphthylene - Propylguaiacol)*4.245439 + 3.8351429 + 24.805925 + 41.89998,PySRFunction(X=>Cu - PO_4 + (Acenaphthylene - Propylguaiacol)*4.245439 + 3.8351429 + 24.805925 + 41.89998)
17,16.565722,0.005299414279950769,(((24.912703 - PO_4) + Cu) + 42.006725) + (3.9422557 + (((Acenaphthylene / Propylguaiacol) - Propylguaiacol) * 4.245637)),Cu - PO_4 + (Acenaphthylene/Propylguaiacol - Propylguaiacol)*4.245637 + 3.9422557 + 24.912703 + 42.006725,PySRFunction(X=>Cu - PO_4 + (Acenaphthylene/Propylguaiacol - Propylguaiacol)*4.245637 + 3.9422557 + 24.912703 + 42.006725)
19,16.31861,0.007514723167911753,(((24.912703 - PO_4) + Cu) + 42.006725) + ((3.9422557 * Indeno_123_cdpyrene) + (((Acenaphthylene / 0.35615885) - Propylguaiacol) * 4.245637)),Cu + 3.9422557*Indeno_123_cdpyrene - PO_4 + (Acenaphthylene/0.35615885 - Propylguaiacol)*4.245637 + 24.912703 + 42.006725,PySRFunction(X=>Cu + 3.9422557*Indeno_123_cdpyrene - PO_4 + (Acenaphthylene/0.35615885 - Propylguaiacol)*4.245637 + 24.912703 + 42.006725)
