complexity,loss,score,equation,sympy_format,lambda_format
3,23.738232,0.0,-2.487967 / -0.03256474,-2.487967/(-0.03256474),PySRFunction(X=>-2.487967/(-0.03256474))
5,22.16615,0.0342602812471727,(0.51580966 / Dodecylcyclohexane) + 71.2622,71.2622 + 0.51580966/Dodecylcyclohexane,PySRFunction(X=>71.2622 + 0.51580966/Dodecylcyclohexane)
7,18.78072,0.08286776937401195,98.898 - ((Phytane - -6.703586) / Mn),98.898 - (Phytane - 1*(-6.703586))/Mn,PySRFunction(X=>98.898 - (Phytane - 1*(-6.703586))/Mn)
11,18.693829,0.0011593355761992802,98.898 - (((0.10455198 / Benzoepyrene) - (-0.46693352 / 0.15687586)) / Mn),98.898 - (-(-1)*0.46693352/0.15687586 + 0.10455198/Benzoepyrene)/Mn,PySRFunction(X=>98.898 - (-(-1)*0.46693352/0.15687586 + 0.10455198/Benzoepyrene)/Mn)
13,18.665215,0.0007659191063694642,(98.898 - ((-0.46494827 - ((-0.46494827 + -0.46693352) / 0.15687586)) / Mn)) - Hexadecane,-Hexadecane + 98.898 - (-0.46494827 - (-0.46693352 - 0.46494827)/0.15687586)/Mn,PySRFunction(X=>-Hexadecane + 98.898 - (-0.46494827 - (-0.46693352 - 0.46494827)/0.15687586)/Mn)
15,18.314838,0.009475040101503317,98.723206 - (((0.26511884 / Benzoepyrene) - ((-0.23747605 * (-0.019917944 / 1.126607)) / -0.1879123)) / Mn),98.723206 - (-(-1)*(-0.019917944)*0.23747605/((-0.1879123)*1.126607) + 0.26511884/Benzoepyrene)/Mn,PySRFunction(X=>98.723206 - (-(-1)*(-0.019917944)*0.23747605/((-0.1879123)*1.126607) + 0.26511884/Benzoepyrene)/Mn)
17,17.675459,0.01776718532738005,98.83491 - (((Dibenzofuran / (Benzoepyrene * 1.9297681)) - (((-0.46393028 * 0.28202698) + -0.6970352) / 0.16027084)) / Mn),98.83491 - (Dibenzofuran/((Benzoepyrene*1.9297681)) - (-0.6970352 - 0.46393028*0.28202698)/0.16027084)/Mn,PySRFunction(X=>98.83491 - (Dibenzofuran/((Benzoepyrene*1.9297681)) - (-0.6970352 - 0.46393028*0.28202698)/0.16027084)/Mn)
