complexity,loss,score,equation,sympy_format,lambda_format
1,86.43458,0.0,0.1679845,0.167984500000000,PySRFunction(X=>0.167984500000000)
3,21.729641,0.690355277013582,Cr + 81.45398,Cr + 81.45398,PySRFunction(X=>Cr + 81.45398)
5,19.258759,0.06035565147964195,(Cu + 30.695824) + 30.695824,Cu + 30.695824 + 30.695824,PySRFunction(X=>Cu + 30.695824 + 30.695824)
7,18.719193,0.014208304543959663,((3.156882 + Naphthalene) / 0.03808133) - Ethylguaiacol,-Ethylguaiacol + (Naphthalene + 3.156882)/0.03808133,PySRFunction(X=>-Ethylguaiacol + (Naphthalene + 3.156882)/0.03808133)
9,17.819775,0.024620282722771728,(31.527153 + (32.50888 - -0.10825904)) + (0.68558997 + P),P - 1*(-0.10825904) + 0.68558997 + 31.527153 + 32.50888,PySRFunction(X=>P - 1*(-0.10825904) + 0.68558997 + 31.527153 + 32.50888)
11,17.278315,0.015428274326526109,((Ba - Eugenol) + ((Pyrene / Tridecane) + 77.973495)) + Pyrene,Ba - Eugenol + Pyrene + Pyrene/Tridecane + 77.973495,PySRFunction(X=>Ba - Eugenol + Pyrene + Pyrene/Tridecane + 77.973495)
13,17.046766,0.00674586936406924,(((6.837972 * ((P - Ethylguaiacol) / 207.36566)) + 2.7558892) * 23.99075) + 7.323334,(6.837972*(-Ethylguaiacol + P)/207.36566 + 2.7558892)*23.99075 + 7.323334,PySRFunction(X=>(6.837972*(-Ethylguaiacol + P)/207.36566 + 2.7558892)*23.99075 + 7.323334)
15,16.889807,0.004625102222261668,((((7.3190475 * ((P - Ethylguaiacol) / 207.34892)) + 2.655741) * 24.123634) + 7.3190475) + Octacosane,Octacosane + (7.3190475*(-Ethylguaiacol + P)/207.34892 + 2.655741)*24.123634 + 7.3190475,PySRFunction(X=>Octacosane + (7.3190475*(-Ethylguaiacol + P)/207.34892 + 2.655741)*24.123634 + 7.3190475)
19,16.567926,0.004810411558158787,(-6.093516 + (((Tricosane - Propylguaiacol) + (((-1.3609836 / Methylfluorene) - -34.950493) - -34.950607)) + (21.017014 / Propylguaiacol))) + var35_Dimethoxyphenol,-Propylguaiacol + Tricosane + var35_Dimethoxyphenol - 6.093516 - 1*(-34.950493) - 1*(-34.950607) + 21.017014/Propylguaiacol - 1.3609836/Methylfluorene,PySRFunction(X=>-Propylguaiacol + Tricosane + var35_Dimethoxyphenol - 6.093516 - 1*(-34.950493) - 1*(-34.950607) + 21.017014/Propylguaiacol - 1.3609836/Methylfluorene)
