complexity,loss,score,equation,sympy_format,lambda_format
3,65.97551,0.0,PO_4 / var3_Methylnonadecane,PO_4/var3_Methylnonadecane,PySRFunction(X=>PO_4/var3_Methylnonadecane)
5,22.829449,0.5306161436100485,(-2.487967 / 0.8817351) / -0.03256474,-2.487967/((-0.03256474)*0.8817351),PySRFunction(X=>-2.487967/((-0.03256474)*0.8817351))
9,22.706556,0.0013494079944869001,(-1.5660714 / -0.19377007) * ((0.5626675 + -0.3628869) ^ -1.4648513),-1.5660714/((-0.19377007)*(-0.3628869 + 0.5626675)**1.4648513),PySRFunction(X=>-1.5660714/((-0.19377007)*(-0.3628869 + 0.5626675)**1.4648513))
11,22.623604,0.0018299536686966719,((((13.356823 / -74.08789) / -136.23668) + 2.9249392) * 27.96164) - -1.7661589,-1*(-1.7661589) + (13.356823/((-136.23668)*(-74.08789)) + 2.9249392)*27.96164,PySRFunction(X=>-1*(-1.7661589) + (13.356823/((-136.23668)*(-74.08789)) + 2.9249392)*27.96164)
17,17.732859,0.04059573780390913,((P - (-10.1600685 * 4.009513)) / 0.7539075) + ((Coniferylaldehyde ^ ((-0.21124198 * Retene) - Tetradecane)) + 3.3293314),Coniferylaldehyde**(-0.21124198*Retene - Tetradecane) + (P - (-1)*4.009513*10.1600685)/0.7539075 + 3.3293314,PySRFunction(X=>Coniferylaldehyde**(-0.21124198*Retene - Tetradecane) + (P - (-1)*4.009513*10.1600685)/0.7539075 + 3.3293314)
19,17.627312,0.0029849209005721935,(((P - -6.690333) - (-9.264739 * 4.552528)) / 0.8464652) + ((Coniferylaldehyde ^ ((-0.3105964 * 0.32070538) - Tetradecane)) + 2.7159665),Coniferylaldehyde**(-Tetradecane - 0.3105964*0.32070538) + (P - 1*(-6.690333) - (-1)*4.552528*9.264739)/0.8464652 + 2.7159665,PySRFunction(X=>Coniferylaldehyde**(-Tetradecane - 0.3105964*0.32070538) + (P - 1*(-6.690333) - (-1)*4.552528*9.264739)/0.8464652 + 2.7159665)
