complexity,loss,score,equation,sympy_format,lambda_format
3,17.819746,0.0,P + 64.76029,P + 64.76029,PySRFunction(X=>P + 64.76029)
5,17.71477,0.0029542067038933273,(P + Ti) + 64.76029,P + Ti + 64.76029,PySRFunction(X=>P + Ti + 64.76029)
7,17.670677,0.0012460778811473987,((P + 64.76029) - 1.2795728) + Ti,P + Ti - 1*1.2795728 + 64.76029,PySRFunction(X=>P + Ti - 1*1.2795728 + 64.76029)
9,17.642485,0.0007983427252818958,(((P + Fluoranthene) + 64.76029) - -0.013391437) + -0.6829498,Fluoranthene + P - 0.6829498 - 1*(-0.013391437) + 64.76029,PySRFunction(X=>Fluoranthene + P - 0.6829498 - 1*(-0.013391437) + 64.76029)
11,17.53079,0.003175575076650974,(((P + Fluoranthene) + (64.76029 - 0.19366187)) - 1.6643627) + Ti,Fluoranthene + P + Ti - 1*1.6643627 - 1*0.19366187 + 64.76029,PySRFunction(X=>Fluoranthene + P + Ti - 1*1.6643627 - 1*0.19366187 + 64.76029)
13,17.518755,0.0003433710900666947,(((P + Fluoranthene) + (64.76029 + 0.19366187)) - (0.42213926 - Octacosane)) - 1.6643627,Fluoranthene + P - (0.42213926 - Octacosane) - 1*1.6643627 + 0.19366187 + 64.76029,PySRFunction(X=>Fluoranthene + P - (0.42213926 - Octacosane) - 1*1.6643627 + 0.19366187 + 64.76029)
17,17.443657,0.00107398361838935,((((1.705666 / 0.6388193) / 0.19914544) + (Ni * ((1.7760686 ^ -0.50596225) + Phenanthrene))) * 4.81343) + Ti,Ti + (Ni*(Phenanthrene + 1.7760686**(-0.50596225)) + 1.705666/(0.19914544*0.6388193))*4.81343,PySRFunction(X=>Ti + (Ni*(Phenanthrene + 1.7760686**(-0.50596225)) + 1.705666/(0.19914544*0.6388193))*4.81343)
19,17.332914,0.0031844247764336816,(((((P + Heneicosane) - -6.690333) - (-9.264739 * 4.552528)) / 0.8464652) - Cl) + (Fluoranthene / (Benzobfluoranthene + var1_Methylnaphthalene)),-Cl + Fluoranthene/(Benzobfluoranthene + var1_Methylnaphthalene) + (Heneicosane + P - 1*(-6.690333) - (-1)*4.552528*9.264739)/0.8464652,PySRFunction(X=>-Cl + Fluoranthene/(Benzobfluoranthene + var1_Methylnaphthalene) + (Heneicosane + P - 1*(-6.690333) - (-1)*4.552528*9.264739)/0.8464652)
