complexity,loss,score,equation,sympy_format,lambda_format
3,22.623602,0.0,42.287296 - -41.30199,42.287296 - 1*(-41.30199),PySRFunction(X=>42.287296 - 1*(-41.30199))
4,22.318693,0.013569119170765672,78.388565 + Fpr_1_30738,Fpr_1_30738 + 78.388565,PySRFunction(X=>Fpr_1_30738 + 78.388565)
7,20.935658,0.021323582951711693,(Tgm_1_60333 - Isoeugenol) + 82.2221,-Isoeugenol + Tgm_1_60333 + 82.2221,PySRFunction(X=>-Isoeugenol + Tgm_1_60333 + 82.2221)
10,19.74299,0.019551779320809672,Nppa_58684 + ((Nqo_1_29503 * Csrnp_1_69505) * 1.9402235),Nqo_1_29503*Csrnp_1_69505*1.9402235 + Nppa_58684,PySRFunction(X=>Nqo_1_29503*Csrnp_1_69505*1.9402235 + Nppa_58684)
13,19.190989,0.009452548560909605,(30.93899 + ((Bhlhe_41_56554 * (0.95312166 / Eugenol)) * 1.3547555)) + 31.992231,Bhlhe_41_56554*0.95312166*1.3547555/Eugenol + 30.93899 + 31.992231,PySRFunction(X=>Bhlhe_41_56554*0.95312166*1.3547555/Eugenol + 30.93899 + 31.992231)
14,18.650839,0.0285497142774662,((Cyp_1_a_1_29719 * Rgs_16_60383) + (Omd_75393 * Socs_3_31487)) + Rgs_16_60383,Cyp_1_a_1_29719*Rgs_16_60383 + Omd_75393*Socs_3_31487 + Rgs_16_60383,PySRFunction(X=>Cyp_1_a_1_29719*Rgs_16_60383 + Omd_75393*Socs_3_31487 + Rgs_16_60383)
15,16.456184,0.12518979805295002,((Hist_1_h_2_bc_29206 - Methoxymethylphenol) * (1.7506201 - ((1.0034372 - -0.4408172) / -0.14966166))) + -0.7570526,(1.7506201 - (1.0034372 - 1*(-0.4408172))/(-0.14966166))*(Hist_1_h_2_bc_29206 - Methoxymethylphenol) - 0.7570526,PySRFunction(X=>(1.7506201 - (1.0034372 - 1*(-0.4408172))/(-0.14966166))*(Hist_1_h_2_bc_29206 - Methoxymethylphenol) - 0.7570526)
17,15.01087,0.04596336414770622,((1.3183906 * (Csrnp_1_69505 * Plscr_4_55764)) - ((Ethylguaiacol - Cxcl_10_29431) / 0.12835836)) - 2.9248164,1.3183906*Csrnp_1_69505*Plscr_4_55764 - (-Cxcl_10_29431 + Ethylguaiacol)/0.12835836 - 1*2.9248164,PySRFunction(X=>1.3183906*Csrnp_1_69505*Plscr_4_55764 - (-Cxcl_10_29431 + Ethylguaiacol)/0.12835836 - 1*2.9248164)
