complexity,loss,score,equation,sympy_format,lambda_format
3,81.83265,0.0,2.7185497 - -2.2274973,2.7185497 - 1*(-2.2274973),PySRFunction(X=>2.7185497 - 1*(-2.2274973))
4,22.318693,1.299251729775211,78.388565 + Fpr_1_30738,Fpr_1_30738 + 78.388565,PySRFunction(X=>Fpr_1_30738 + 78.388565)
7,20.935658,0.021323582951711693,(Tgm_1_60333 - Isoeugenol) + 82.2221,-Isoeugenol + Tgm_1_60333 + 82.2221,PySRFunction(X=>-Isoeugenol + Tgm_1_60333 + 82.2221)
10,19.74299,0.019551779320809672,Nppa_58684 + ((Nqo_1_29503 * Csrnp_1_69505) * 1.9402235),Nqo_1_29503*Csrnp_1_69505*1.9402235 + Nppa_58684,PySRFunction(X=>Nqo_1_29503*Csrnp_1_69505*1.9402235 + Nppa_58684)
15,18.304758,0.015127493116018947,((Socs_3_31487 * Omd_75393) + ((Rgs_16_60383 + 0.7026567) * Cyp_1_a_1_29719)) - -0.93097126,Cyp_1_a_1_29719*(Rgs_16_60383 + 0.7026567) + Omd_75393*Socs_3_31487 - 1*(-0.93097126),PySRFunction(X=>Cyp_1_a_1_29719*(Rgs_16_60383 + 0.7026567) + Omd_75393*Socs_3_31487 - 1*(-0.93097126))
17,18.084518,0.006052406462911099,((Socs_3_31487 * Omd_75393) + ((Rgs_16_60383 + 0.7026567) * Cyp_1_a_1_29719)) + (0.39629447 - -1.5790262),Cyp_1_a_1_29719*(Rgs_16_60383 + 0.7026567) + Omd_75393*Socs_3_31487 + 0.39629447 - 1*(-1.5790262),PySRFunction(X=>Cyp_1_a_1_29719*(Rgs_16_60383 + 0.7026567) + Omd_75393*Socs_3_31487 + 0.39629447 - 1*(-1.5790262))
18,16.622475,0.0843005178196302,(2.9102015 + ((Nqo_1_29503 * Csrnp_1_69505) - ((Ethylguaiacol - Cxcl_10_29431) / 0.1184341))) + Nppa_58684,Csrnp_1_69505*Nqo_1_29503 + Nppa_58684 - (-Cxcl_10_29431 + Ethylguaiacol)/0.1184341 + 2.9102015,PySRFunction(X=>Csrnp_1_69505*Nqo_1_29503 + Nppa_58684 - (-Cxcl_10_29431 + Ethylguaiacol)/0.1184341 + 2.9102015)
20,16.348736,0.00830255491075209,Nppa_58684 + (((Csrnp_1_69505 * Nqo_1_29503) * 1.4520404) - (((Ethylguaiacol - -0.98115176) - Cxcl_10_29431) / 0.16123673)),Csrnp_1_69505*Nqo_1_29503*1.4520404 + Nppa_58684 - (-Cxcl_10_29431 + Ethylguaiacol - 1*(-0.98115176))/0.16123673,PySRFunction(X=>Csrnp_1_69505*Nqo_1_29503*1.4520404 + Nppa_58684 - (-Cxcl_10_29431 + Ethylguaiacol - 1*(-0.98115176))/0.16123673)
