complexity,loss,score,equation,sympy_format,lambda_format
2,17.611444,0.0,Vanillin,Vanillin,PySRFunction(X=>Vanillin)
3,4.8379545,1.2920569105797535,1.1776425 - -16.252756,1.1776425 - 1*(-16.252756),PySRFunction(X=>1.1776425 - 1*(-16.252756))
4,3.994493,0.1915753449020589,20.740133 - Vanillin,20.740133 - Vanillin,PySRFunction(X=>20.740133 - Vanillin)
12,3.852138,0.004536042961191249,((((-0.837993 + -1.0251541) * Methoxymethylphenol) + 8.87856) + 7.72371) - -5.3263764,Methoxymethylphenol*(-1.0251541 - 0.837993) - 1*(-5.3263764) + 7.72371 + 8.87856,PySRFunction(X=>Methoxymethylphenol*(-1.0251541 - 0.837993) - 1*(-5.3263764) + 7.72371 + 8.87856)
14,3.8422604,0.0012837397951807113,((0.13217853 - -1.2657871) + (((2.8862088 - Vanillin) / 0.5500668) - -16.252756)) / 1.0184985,((2.8862088 - Vanillin)/0.5500668 + 0.13217853 - 1*(-1.2657871) - 1*(-16.252756))/1.0184985,PySRFunction(X=>((2.8862088 - Vanillin)/0.5500668 + 0.13217853 - 1*(-1.2657871) - 1*(-16.252756))/1.0184985)
17,3.8360772,0.000536852433313802,((((Methoxymethylphenol - -6.271408) * -0.23211229) + (-1.505645 * Vanillin)) + 10.300411) - (-6.36172 - 6.990254),-1.505645*Vanillin + (Methoxymethylphenol - 1*(-6.271408))*(-0.23211229) + 10.300411 - (-1*6.990254 - 6.36172),PySRFunction(X=>-1.505645*Vanillin + (Methoxymethylphenol - 1*(-6.271408))*(-0.23211229) + 10.300411 - (-1*6.990254 - 6.36172))
