complexity,loss,score,equation,sympy_format,lambda_format
1,22.003757,0.0,-2.8001075,-2.80010750000000,PySRFunction(X=>-2.80010750000000)
2,17.091606,0.2526257457096058,Isoeugenol,Isoeugenol,PySRFunction(X=>Isoeugenol)
3,4.667609,1.2979405166622329,8.533417 - -10.1694565,8.533417 - 1*(-10.1694565),PySRFunction(X=>8.533417 - 1*(-10.1694565))
4,3.994493,0.15573028660488675,20.740133 - Vanillin,20.740133 - Vanillin,PySRFunction(X=>20.740133 - Vanillin)
6,3.8381054,0.019968901550263228,(-1.7170036 * Vanillin) + 22.181875,22.181875 - 1.7170036*Vanillin,PySRFunction(X=>22.181875 - 1.7170036*Vanillin)
14,3.8380566,1.5893359207677446e-06,(4.056193 + ((Vanillin * -1.7144392) + 1.0528764)) - (-8.860953 - (6.4333277 + 1.7916422)),Vanillin*(-1.7144392) + 1.0528764 + 4.056193 - (-8.860953 - (1.7916422 + 6.4333277)),PySRFunction(X=>Vanillin*(-1.7144392) + 1.0528764 + 4.056193 - (-8.860953 - (1.7916422 + 6.4333277)))
15,3.8352675,0.0007269600727094833,(((2.5901875 + 2.656292) * 4.235314) - (Vanillin / 0.58442265)) + (-0.04820316 / Isoeugenol),-Vanillin/0.58442265 + (2.5901875 + 2.656292)*4.235314 - 0.04820316/Isoeugenol,PySRFunction(X=>-Vanillin/0.58442265 + (2.5901875 + 2.656292)*4.235314 - 0.04820316/Isoeugenol)
17,3.8339906,0.00016649589766696716,(((2.5901875 + 2.656292) * 4.235314) - (Vanillin / 0.58442265)) - (0.9796618 * (0.14676669 / Isoeugenol)),-Vanillin/0.58442265 + (2.5901875 + 2.656292)*4.235314 - 0.14676669*0.9796618/Isoeugenol,PySRFunction(X=>-Vanillin/0.58442265 + (2.5901875 + 2.656292)*4.235314 - 0.14676669*0.9796618/Isoeugenol)
18,3.8217027,0.003210136579585499,(((-0.0893815 * Vanillin) * Vanillin) * (1.3245707 ^ 1.5866132)) + ((20.740133 - -0.9206422) - Vanillin),-Vanillin - 0.0893815*1.3245707**1.5866132*Vanillin*Vanillin - 1*(-0.9206422) + 20.740133,PySRFunction(X=>-Vanillin - 0.0893815*1.3245707**1.5866132*Vanillin*Vanillin - 1*(-0.9206422) + 20.740133)
