complexity,loss,score,equation,sympy_format,lambda_format
2,17.611444,0.0,Vanillin,Vanillin,PySRFunction(X=>Vanillin)
3,13.203721,0.2880502342035854,3.1758528 + 3.1758528,3.1758528 + 3.1758528,PySRFunction(X=>3.1758528 + 3.1758528)
5,9.469318,0.16622089804895074,(3.3223817 / 0.41574204) + 2.4724185,2.4724185 + 3.3223817/0.41574204,PySRFunction(X=>2.4724185 + 3.3223817/0.41574204)
7,6.409088,0.19516995229507314,(1.6533338 / 0.25834492) + (2.5405788 / 0.32113892),1.6533338/0.25834492 + 2.5405788/0.32113892,PySRFunction(X=>1.6533338/0.25834492 + 2.5405788/0.32113892)
9,5.857062,0.04503443522169131,3.1758528 + (3.1758528 + ((0.4756416 ^ -0.9801846) / 0.23507185)),3.1758528 + 3.1758528 + 1/(0.23507185*0.4756416**0.9801846),PySRFunction(X=>3.1758528 + 3.1758528 + 1/(0.23507185*0.4756416**0.9801846))
10,4.1749253,0.33855164674847515,(((1.7837667 / Methoxymethylphenol) - -6.185359) - -6.5735474) + 3.5164802,3.5164802 - 1*(-6.185359) - 1*(-6.5735474) + 1.7837667/Methoxymethylphenol,PySRFunction(X=>3.5164802 - 1*(-6.185359) - 1*(-6.5735474) + 1.7837667/Methoxymethylphenol)
12,3.852138,0.04023407354392569,((((-0.837993 + -1.0251541) * Methoxymethylphenol) + 8.87856) + 7.72371) - -5.3263764,Methoxymethylphenol*(-1.0251541 - 0.837993) - 1*(-5.3263764) + 7.72371 + 8.87856,PySRFunction(X=>Methoxymethylphenol*(-1.0251541 - 0.837993) - 1*(-5.3263764) + 7.72371 + 8.87856)
