Training RMSE,Test RMSE,Time Taken
8.154978446116749,16.48881773416479,17.80790877342224
