Training RMSE,Test RMSE,Time Taken
15.932484094733514,17.261323413712596,4.675252199172974
15.926076837450976,17.35602359182591,3.3914804458618164
15.934580218918047,17.329558353934495,3.4260361194610596
