Training RMSE,Test RMSE,Time Taken
15.932484094733514,17.261323413712596,6.10429048538208
15.926076837450976,17.35602359182591,4.332317113876343
15.934580218918047,17.329558353934495,4.4458537101745605
