Training RMSE,Test RMSE,Time Taken
15.932968088039797,17.260162607574163,4.775399446487427
15.926866829476669,17.39493561722977,3.3503005504608154
15.931571890098693,17.320488178165395,3.488818407058716
