Training RMSE,Test RMSE,Time Taken
15.932968088039797,17.260162607574163,4.636673212051392
15.926866829476669,17.39493561722977,3.4252078533172607
15.93136996319272,17.317664080840768,3.5367257595062256
