Training RMSE,Test RMSE,Time Taken
15.932968088039797,17.260162607574163,4.626864194869995
15.926866829476669,17.39493561722977,3.49224853515625
15.931571890098693,17.320488178165395,3.8619208335876465
