Variable,Coefficient
K,0.5572055376145394
Si,0.4557819640756079
Na,0.39436130725896307
P,0.3456127314886199
Syringealdehyde,0.08085836968624689
Zn,0.07830769545919909
Fe,0.07478620149582134
Ethylguaiacol,-0.39790735554703
Guaiacol,-0.4166842069804135
Eugenol,-0.42695028971691307
Methoxymethyl phenol,-0.44241421291952726
Retene,-0.4706260160706575
Vanillin,-0.583067451184274
Isoeugenol,-1.91293127737641
