complexity,loss,score,equation,sympy_format,lambda_format
3,22.623602,0.0,42.025394 + 41.563133,41.563133 + 42.025394,PySRFunction(X=>41.563133 + 42.025394)
5,21.487612,0.025758557296761075,80.12446 - (-4.421472 / Isoeugenol),80.12446 - (-1)*4.421472/Isoeugenol,PySRFunction(X=>80.12446 - (-1)*4.421472/Isoeugenol)
7,20.13098,0.032608330502280236,87.04918 + (0.25558594 - (Isoeugenol / Silicon)),-Isoeugenol/Silicon + 0.25558594 + 87.04918,PySRFunction(X=>-Isoeugenol/Silicon + 0.25558594 + 87.04918)
9,18.973236,0.029615283745109282,((14.426584 + (Silicon ^ 0.33821747)) / 0.26925305) + 0.26925305,(Silicon**0.33821747 + 14.426584)/0.26925305 + 0.26925305,PySRFunction(X=>(Silicon**0.33821747 + 14.426584)/0.26925305 + 0.26925305)
11,18.551647,0.011235391179627597,((((Isoeugenol - -91.48966) / -0.42871824) / Na) - -91.48966) - 0.72020274,-1*0.72020274 - 1*(-91.48966) + (Isoeugenol - 1*(-91.48966))/((-0.42871824)*Na),PySRFunction(X=>-1*0.72020274 - 1*(-91.48966) + (Isoeugenol - 1*(-91.48966))/((-0.42871824)*Na))
13,17.900196,0.01787345483333438,((((6.622907 - (Isoeugenol ^ 0.21914357)) - -5.1349387) * 10.7308655) - 10.7308655) - 10.7308655,(-Isoeugenol**0.21914357 - 1*(-5.1349387) + 6.622907)*10.7308655 - 1*10.7308655 - 1*10.7308655,PySRFunction(X=>(-Isoeugenol**0.21914357 - 1*(-5.1349387) + 6.622907)*10.7308655 - 1*10.7308655 - 1*10.7308655)
15,17.480206,0.011871253726229401,((((Isoeugenol * (Silicon / (Na * 0.6738537))) / -0.3816807) / Na) - -92.68562) + 0.04438271,Isoeugenol*Silicon/((-0.3816807)*Na*((Na*0.6738537))) + 0.04438271 - 1*(-92.68562),PySRFunction(X=>Isoeugenol*Silicon/((-0.3816807)*Na*((Na*0.6738537))) + 0.04438271 - 1*(-92.68562))
17,17.461664,0.0005306528168191319,((((Isoeugenol * (Silicon / (Na * 0.6738537))) / -0.3816807) / Na) - -92.68562) + (0.29566863 ^ Isoeugenol),0.29566863**Isoeugenol + Isoeugenol*Silicon/((-0.3816807)*Na*((Na*0.6738537))) - 1*(-92.68562),PySRFunction(X=>0.29566863**Isoeugenol + Isoeugenol*Silicon/((-0.3816807)*Na*((Na*0.6738537))) - 1*(-92.68562))
