complexity,loss,score,equation,sympy_format,lambda_format
3,82.308556,0.0,2.22548 + 2.22548,2.22548 + 2.22548,PySRFunction(X=>2.22548 + 2.22548)
4,53.43732,0.4319656851270499,Na ^ 0.5742438,Na**0.5742438,PySRFunction(X=>Na**0.5742438)
5,22.623602,0.8595156806485961,(29.285515 + 29.285515) + 25.018124,25.018124 + 29.285515 + 29.285515,PySRFunction(X=>25.018124 + 29.285515 + 29.285515)
12,19.332354,0.022459090314111144,(((Na ^ 0.48738456) + (10.311887 / 0.18988538)) - -4.242026) - -5.128063,Na**0.48738456 - 1*(-4.242026) - 1*(-5.128063) + 10.311887/0.18988538,PySRFunction(X=>Na**0.48738456 - 1*(-4.242026) - 1*(-5.128063) + 10.311887/0.18988538)
18,18.62455,0.006216577087160828,(((1.1704992 + (0.24747203 + ((1.8907303 / Isoeugenol) ^ 0.07203283))) * (0.6796068 + 3.393954)) ^ 1.9706718) + -0.37183502,((0.6796068 + 3.393954)*((1.8907303/Isoeugenol)**0.07203283 + 0.24747203 + 1.1704992))**1.9706718 - 0.37183502,PySRFunction(X=>((0.6796068 + 3.393954)*((1.8907303/Isoeugenol)**0.07203283 + 0.24747203 + 1.1704992))**1.9706718 - 0.37183502)
