complexity,loss,score,equation,sympy_format,lambda_format
3,22.623602,0.0,42.025394 + 41.563133,41.563133 + 42.025394,PySRFunction(X=>41.563133 + 42.025394)
5,21.487612,0.025758557296761075,80.12446 - (-4.421472 / Isoeugenol),80.12446 - (-1)*4.421472/Isoeugenol,PySRFunction(X=>80.12446 - (-1)*4.421472/Isoeugenol)
7,20.627542,0.02042470495850621,((-0.83208025 * Isoeugenol) / 57.340855) - -89.5173,-0.83208025*Isoeugenol/57.340855 - 1*(-89.5173),PySRFunction(X=>-0.83208025*Isoeugenol/57.340855 - 1*(-89.5173))
9,18.973236,0.041798909288883294,((14.426584 + (Silicon ^ 0.33821747)) / 0.26925305) + 0.26925305,(Silicon**0.33821747 + 14.426584)/0.26925305 + 0.26925305,PySRFunction(X=>(Silicon**0.33821747 + 14.426584)/0.26925305 + 0.26925305)
11,18.551647,0.011235391179627597,((((Isoeugenol - -91.48966) / -0.42871824) / Na) - -91.48966) - 0.72020274,-1*0.72020274 - 1*(-91.48966) + (Isoeugenol - 1*(-91.48966))/((-0.42871824)*Na),PySRFunction(X=>-1*0.72020274 - 1*(-91.48966) + (Isoeugenol - 1*(-91.48966))/((-0.42871824)*Na))
13,17.900196,0.01787345483333438,((((6.622907 - (Isoeugenol ^ 0.21914357)) - -5.1349387) * 10.7308655) - 10.7308655) - 10.7308655,(-Isoeugenol**0.21914357 - 1*(-5.1349387) + 6.622907)*10.7308655 - 1*10.7308655 - 1*10.7308655,PySRFunction(X=>(-Isoeugenol**0.21914357 - 1*(-5.1349387) + 6.622907)*10.7308655 - 1*10.7308655 - 1*10.7308655)
15,17.888699,0.0003212449111796555,(((6.716989 - ((Isoeugenol ^ 0.20362642) / 0.8632083)) - -5.22897) * 10.72555) - (0.20362642 ^ -1.9160991),(-Isoeugenol**0.20362642/0.8632083 - 1*(-5.22897) + 6.716989)*10.72555 - 1/0.20362642**1.9160991,PySRFunction(X=>(-Isoeugenol**0.20362642/0.8632083 - 1*(-5.22897) + 6.716989)*10.72555 - 1/0.20362642**1.9160991)
17,17.772324,0.003263378426270634,(1.3711232 / (1.0015413 - Isoeugenol)) + (75.36503 + ((1.3711232 * ((Na ^ 1.3711232) - Isoeugenol)) / Na)),75.36503 + 1.3711232/(1.0015413 - Isoeugenol) + 1.3711232*(-Isoeugenol + Na**1.3711232)/Na,PySRFunction(X=>75.36503 + 1.3711232/(1.0015413 - Isoeugenol) + 1.3711232*(-Isoeugenol + Na**1.3711232)/Na)
19,17.53233,0.006797905364476149,(0.33373666 / ((1.0015413 - 0.22202753) - Isoeugenol)) + (75.36503 + ((1.3711232 * ((Na ^ 1.3711232) - Isoeugenol)) / Na)),75.36503 + 0.33373666/(-Isoeugenol - 1*0.22202753 + 1.0015413) + 1.3711232*(-Isoeugenol + Na**1.3711232)/Na,PySRFunction(X=>75.36503 + 0.33373666/(-Isoeugenol - 1*0.22202753 + 1.0015413) + 1.3711232*(-Isoeugenol + Na**1.3711232)/Na)
