complexity,loss,score,equation,sympy_format,lambda_format
1,84.85045,0.0,1.8104621,1.81046210000000,PySRFunction(X=>1.81046210000000)
3,22.6236,0.6609483429622475,56.667118 - -26.920033,56.667118 - 1*(-26.920033),PySRFunction(X=>56.667118 - 1*(-26.920033))
5,18.704348,0.09511879950795989,42.360382 * (Silicon ^ 0.11458294),42.360382*Silicon**0.11458294,PySRFunction(X=>42.360382*Silicon**0.11458294)
7,18.454622,0.006720578092207438,((Isoeugenol ^ 0.09354802) ^ -0.6025888) * 94.311104,94.311104/(Isoeugenol**0.09354802)**0.6025888,PySRFunction(X=>94.311104/(Isoeugenol**0.09354802)**0.6025888)
9,17.700968,0.020847763334074586,(((0.9910175 ^ Isoeugenol) + 1.3928798) * 48.31912) / 1.1931685,(0.9910175**Isoeugenol + 1.3928798)*48.31912/1.1931685,PySRFunction(X=>(0.9910175**Isoeugenol + 1.3928798)*48.31912/1.1931685)
11,17.587994,0.0032014085865494806,((Silicon ^ 0.5495646) - -56.02431) - (-2.3688927 / (1.5118958 - Isoeugenol)),Silicon**0.5495646 - 1*(-56.02431) - (-1)*2.3688927/(1.5118958 - Isoeugenol),PySRFunction(X=>Silicon**0.5495646 - 1*(-56.02431) - (-1)*2.3688927/(1.5118958 - Isoeugenol))
13,17.471994,0.003308627010487918,(((Silicon * (Isoeugenol / Na)) * (-4.0943446 / Na)) - -39.73259) + 54.23089,Silicon*Isoeugenol*(-4.0943446)/(Na*Na) - 1*(-39.73259) + 54.23089,PySRFunction(X=>Silicon*Isoeugenol*(-4.0943446)/(Na*Na) - 1*(-39.73259) + 54.23089)
15,17.166475,0.008820451132567382,(Silicon / (Silicon - Na)) + (((1.455429 + (0.97618943 ^ Isoeugenol)) * 48.324875) / 1.2279305),Silicon/(-Na + Silicon) + (0.97618943**Isoeugenol + 1.455429)*48.324875/1.2279305,PySRFunction(X=>Silicon/(-Na + Silicon) + (0.97618943**Isoeugenol + 1.455429)*48.324875/1.2279305)
17,16.896206,0.007934627103166308,(Na / (Silicon - Na)) + (((1.396171 + (0.9876469 ^ Isoeugenol)) * (48.323826 + -0.65036553)) / 1.2001439),Na/(-Na + Silicon) + (-0.65036553 + 48.323826)*(0.9876469**Isoeugenol + 1.396171)/1.2001439,PySRFunction(X=>Na/(-Na + Silicon) + (-0.65036553 + 48.323826)*(0.9876469**Isoeugenol + 1.396171)/1.2001439)
