complexity,loss,score,equation,sympy_format,lambda_format
1,86.881836,0.0,-0.2953444,-0.295344400000000,PySRFunction(X=>-0.295344400000000)
3,22.623602,0.6727776454686816,42.025394 + 41.563133,41.563133 + 42.025394,PySRFunction(X=>41.563133 + 42.025394)
5,21.487612,0.025758557296761075,80.12446 - (-4.421472 / Isoeugenol),80.12446 - (-1)*4.421472/Isoeugenol,PySRFunction(X=>80.12446 - (-1)*4.421472/Isoeugenol)
7,19.787083,0.04122361597667972,((-10.574227 - Isoeugenol) * 0.02957859) - -91.58579,(-Isoeugenol - 10.574227)*0.02957859 - 1*(-91.58579),PySRFunction(X=>(-Isoeugenol - 10.574227)*0.02957859 - 1*(-91.58579))
9,18.973236,0.020999998270709835,((14.426584 + (Silicon ^ 0.33821747)) / 0.26925305) + 0.26925305,(Silicon**0.33821747 + 14.426584)/0.26925305 + 0.26925305,PySRFunction(X=>(Silicon**0.33821747 + 14.426584)/0.26925305 + 0.26925305)
11,17.920286,0.028547993646249773,(((0.10444772 - (Isoeugenol ^ 0.297835)) + 23.627335) ^ 1.4573171) - 0.30230144,(-Isoeugenol**0.297835 + 0.10444772 + 23.627335)**1.4573171 - 1*0.30230144,PySRFunction(X=>(-Isoeugenol**0.297835 + 0.10444772 + 23.627335)**1.4573171 - 1*0.30230144)
13,17.896727,0.0006577601375522331,(93.65431 + ((Isoeugenol + (93.65431 * 4.128039)) / (-0.5208095 * Na))) - -0.82070625,-1*(-0.82070625) + 93.65431 + (Isoeugenol + 93.65431*4.128039)/((-0.5208095*Na)),PySRFunction(X=>-1*(-0.82070625) + 93.65431 + (Isoeugenol + 93.65431*4.128039)/((-0.5208095*Na)))
15,17.480206,0.01177434595538941,((((Isoeugenol * (Silicon / (Na * 0.6738537))) / -0.3816807) / Na) - -92.68562) + 0.04438271,Isoeugenol*Silicon/((-0.3816807)*Na*((Na*0.6738537))) + 0.04438271 - 1*(-92.68562),PySRFunction(X=>Isoeugenol*Silicon/((-0.3816807)*Na*((Na*0.6738537))) + 0.04438271 - 1*(-92.68562))
17,17.461664,0.0005306528168191319,((((Isoeugenol * (Silicon / (Na * 0.6738537))) / -0.3816807) / Na) - -92.68562) + (0.29566863 ^ Isoeugenol),0.29566863**Isoeugenol + Isoeugenol*Silicon/((-0.3816807)*Na*((Na*0.6738537))) - 1*(-92.68562),PySRFunction(X=>0.29566863**Isoeugenol + Isoeugenol*Silicon/((-0.3816807)*Na*((Na*0.6738537))) - 1*(-92.68562))
