complexity,loss,score,equation,sympy_format,lambda_format
3,22.623602,0.0,2.988421 - -80.599655,2.988421 - 1*(-80.599655),PySRFunction(X=>2.988421 - 1*(-80.599655))
5,19.209627,0.08179106900001577,(Silicon ^ 0.4860099) + 63.036854,Silicon**0.4860099 + 63.036854,PySRFunction(X=>Silicon**0.4860099 + 63.036854)
7,18.758064,0.011893909831550137,74.59457 + (0.015983125 * (Na - Isoeugenol)),0.015983125*(-Isoeugenol + Na) + 74.59457,PySRFunction(X=>0.015983125*(-Isoeugenol + Na) + 74.59457)
9,18.658365,0.002664584478506365,74.43854 + ((0.015356009 * (Na - Isoeugenol)) - -2.2971785),0.015356009*(-Isoeugenol + Na) - 1*(-2.2971785) + 74.43854,PySRFunction(X=>0.015356009*(-Isoeugenol + Na) - 1*(-2.2971785) + 74.43854)
11,18.174004,0.013151174816870375,(0.5310367 + 95.48984) / (((Isoeugenol / Silicon) ^ 0.058433577) - -0.34222454),(0.5310367 + 95.48984)/((Isoeugenol/Silicon)**0.058433577 - 1*(-0.34222454)),PySRFunction(X=>(0.5310367 + 95.48984)/((Isoeugenol/Silicon)**0.058433577 - 1*(-0.34222454)))
13,17.865448,0.008561826620342746,((Silicon / 408.01672) - -91.78627) - ((595.84485 - (-1.9507368 * Isoeugenol)) / Na),Silicon/408.01672 - 1*(-91.78627) - (595.84485 - (-1)*1.9507368*Isoeugenol)/Na,PySRFunction(X=>Silicon/408.01672 - 1*(-91.78627) - (595.84485 - (-1)*1.9507368*Isoeugenol)/Na)
15,17.725182,0.0039411138892677874,((27.564838 - ((1031.4669 + Isoeugenol) / ((Na + 52.58158) * 0.42994153))) + 69.49435) + 0.2600044,0.2600044 + 27.564838 + 69.49435 - (Isoeugenol + 1031.4669)/((Na + 52.58158)*0.42994153),PySRFunction(X=>0.2600044 + 27.564838 + 69.49435 - (Isoeugenol + 1031.4669)/((Na + 52.58158)*0.42994153))
17,17.630701,0.002672291479769643,(((13.290184 - -1.501041) * 8.189539) / ((4.3559566 - ((-1.6067351 / Isoeugenol) - Isoeugenol)) ^ 0.11005167)) + 0.4374686,0.4374686 + (13.290184 - 1*(-1.501041))*8.189539/(4.3559566 - (-Isoeugenol - 1.6067351/Isoeugenol))**0.11005167,PySRFunction(X=>0.4374686 + (13.290184 - 1*(-1.501041))*8.189539/(4.3559566 - (-Isoeugenol - 1.6067351/Isoeugenol))**0.11005167)
19,17.590874,0.0011307562757881862,((((13.717016 - -1.9298551) - 1.7268889) * 8.852067) / ((4.529229 - ((-2.7918918 / Isoeugenol) - Isoeugenol)) ^ 0.11348509)) + 0.48204863,0.48204863 + (-1*1.7268889 - 1*(-1.9298551) + 13.717016)*8.852067/(4.529229 - (-Isoeugenol - 2.7918918/Isoeugenol))**0.11348509,PySRFunction(X=>0.48204863 + (-1*1.7268889 - 1*(-1.9298551) + 13.717016)*8.852067/(4.529229 - (-Isoeugenol - 2.7918918/Isoeugenol))**0.11348509)
