complexity,loss,score,equation,sympy_format,lambda_format
3,22.623602,0.0,2.988421 - -80.599655,2.988421 - 1*(-80.599655),PySRFunction(X=>2.988421 - 1*(-80.599655))
5,19.209627,0.08179106900001577,(Silicon ^ 0.4860099) + 63.036854,Silicon**0.4860099 + 63.036854,PySRFunction(X=>Silicon**0.4860099 + 63.036854)
7,18.758064,0.011893909831550137,74.59457 + (0.015983125 * (Na - Isoeugenol)),0.015983125*(-Isoeugenol + Na) + 74.59457,PySRFunction(X=>0.015983125*(-Isoeugenol + Na) + 74.59457)
9,18.658365,0.002664584478506365,74.43854 + ((0.015356009 * (Na - Isoeugenol)) - -2.2971785),0.015356009*(-Isoeugenol + Na) - 1*(-2.2971785) + 74.43854,PySRFunction(X=>0.015356009*(-Isoeugenol + Na) - 1*(-2.2971785) + 74.43854)
11,18.174004,0.013151174816870375,(0.5310367 + 95.48984) / (((Isoeugenol / Silicon) ^ 0.058433577) - -0.34222454),(0.5310367 + 95.48984)/((Isoeugenol/Silicon)**0.058433577 - 1*(-0.34222454)),PySRFunction(X=>(0.5310367 + 95.48984)/((Isoeugenol/Silicon)**0.058433577 - 1*(-0.34222454)))
13,17.865448,0.008561826620342746,((Silicon / 408.01672) - -91.78627) - ((595.84485 - (-1.9507368 * Isoeugenol)) / Na),Silicon/408.01672 - 1*(-91.78627) - (595.84485 - (-1)*1.9507368*Isoeugenol)/Na,PySRFunction(X=>Silicon/408.01672 - 1*(-91.78627) - (595.84485 - (-1)*1.9507368*Isoeugenol)/Na)
15,17.698317,0.00469950890695324,1.0454097 + (((13.588589 - -1.8161075) * 8.731881) / ((13.687676 - (-1.9298551 - Isoeugenol)) ^ 0.12734768)),1.0454097 + (13.588589 - 1*(-1.8161075))*8.731881/(13.687676 - (-Isoeugenol - 1.9298551))**0.12734768,PySRFunction(X=>1.0454097 + (13.588589 - 1*(-1.8161075))*8.731881/(13.687676 - (-Isoeugenol - 1.9298551))**0.12734768)
17,17.58518,0.003206524221516649,-0.43989792 + (((15.589943 - -1.6822865) * 7.565152) / ((7.4584284 - ((-2.870543 / Isoeugenol) - Isoeugenol)) ^ 0.12110888)),-0.43989792 + (15.589943 - 1*(-1.6822865))*7.565152/(7.4584284 - (-Isoeugenol - 2.870543/Isoeugenol))**0.12110888,PySRFunction(X=>-0.43989792 + (15.589943 - 1*(-1.6822865))*7.565152/(7.4584284 - (-Isoeugenol - 2.870543/Isoeugenol))**0.12110888)
