complexity,loss,score,equation,sympy_format,lambda_format
3,22.623602,0.0,2.988421 - -80.599655,2.988421 - 1*(-80.599655),PySRFunction(X=>2.988421 - 1*(-80.599655))
5,19.210297,0.08177363013157694,(Silicon ^ 0.48762763) + 62.89052,Silicon**0.48762763 + 62.89052,PySRFunction(X=>Silicon**0.48762763 + 62.89052)
7,18.758064,0.01191134869998903,74.59457 + (0.015983125 * (Na - Isoeugenol)),0.015983125*(-Isoeugenol + Na) + 74.59457,PySRFunction(X=>0.015983125*(-Isoeugenol + Na) + 74.59457)
9,18.658365,0.002664584478506365,74.43854 + ((0.015356009 * (Na - Isoeugenol)) - -2.2971785),0.015356009*(-Isoeugenol + Na) - 1*(-2.2971785) + 74.43854,PySRFunction(X=>0.015356009*(-Isoeugenol + Na) - 1*(-2.2971785) + 74.43854)
11,18.174004,0.013151174816870375,(0.5310367 + 95.48984) / (((Isoeugenol / Silicon) ^ 0.058433577) - -0.34222454),(0.5310367 + 95.48984)/((Isoeugenol/Silicon)**0.058433577 - 1*(-0.34222454)),PySRFunction(X=>(0.5310367 + 95.48984)/((Isoeugenol/Silicon)**0.058433577 - 1*(-0.34222454)))
13,17.865448,0.008561826620342746,((Silicon / 408.01672) - -91.78627) - ((595.84485 - (-1.9507368 * Isoeugenol)) / Na),Silicon/408.01672 - 1*(-91.78627) - (595.84485 - (-1)*1.9507368*Isoeugenol)/Na,PySRFunction(X=>Silicon/408.01672 - 1*(-91.78627) - (595.84485 - (-1)*1.9507368*Isoeugenol)/Na)
15,17.776636,0.0024917786459961446,(59.972862 - ((Isoeugenol + (1421.5702 + Isoeugenol)) / ((11.499326 + 12.018321) + Na))) + 35.52693,-(Isoeugenol + Isoeugenol + 1421.5702)/(Na + 11.499326 + 12.018321) + 35.52693 + 59.972862,PySRFunction(X=>-(Isoeugenol + Isoeugenol + 1421.5702)/(Na + 11.499326 + 12.018321) + 35.52693 + 59.972862)
17,17.75519,0.0006035716431868882,((Silicon / (Silicon - Isoeugenol)) - -91.78627) - ((595.84485 - ((-1.9507368 * Isoeugenol) - 1.3316679)) / Na),Silicon/(-Isoeugenol + Silicon) - 1*(-91.78627) - (595.84485 - (-1.9507368*Isoeugenol - 1*1.3316679))/Na,PySRFunction(X=>Silicon/(-Isoeugenol + Silicon) - 1*(-91.78627) - (595.84485 - (-1.9507368*Isoeugenol - 1*1.3316679))/Na)
19,17.69709,0.0016388241324369114,((Silicon / (Silicon - Isoeugenol)) - -91.78627) - ((595.84485 - ((-1.9507368 * (Isoeugenol - Silicon)) - -2.4717727)) / Na),Silicon/(-Isoeugenol + Silicon) - 1*(-91.78627) - (595.84485 - (-1.9507368*(Isoeugenol - Silicon) - 1*(-2.4717727)))/Na,PySRFunction(X=>Silicon/(-Isoeugenol + Silicon) - 1*(-91.78627) - (595.84485 - (-1.9507368*(Isoeugenol - Silicon) - 1*(-2.4717727)))/Na)
