complexity,loss,score,equation,sympy_format,lambda_format
3,22.624502,0.0,42.454952 - -41.335953,42.454952 - 1*(-41.335953),PySRFunction(X=>42.454952 - 1*(-41.335953))
5,22.6236,1.9934537809351048e-05,(83.589226 / Na) * Na,83.589226*Na/Na,PySRFunction(X=>83.589226*Na/Na)
7,22.45678,0.003700518084980077,(42.454952 + (-41.335953 / Silicon)) - -41.335953,-1*(-41.335953) + 42.454952 - 41.335953/Silicon,PySRFunction(X=>-1*(-41.335953) + 42.454952 - 41.335953/Silicon)
9,20.398825,0.04805763594815814,((5.933709 / -1.4216545) / (141.14964 / Isoeugenol)) - -83.54463,-1*(-83.54463) + 5.933709/((-1.4216545)*((141.14964/Isoeugenol))),PySRFunction(X=>-1*(-83.54463) + 5.933709/((-1.4216545)*((141.14964/Isoeugenol))))
11,18.174004,0.05774253989217623,(0.5310367 + 95.48984) / (((Isoeugenol / Silicon) ^ 0.058433577) - -0.34222454),(0.5310367 + 95.48984)/((Isoeugenol/Silicon)**0.058433577 - 1*(-0.34222454)),PySRFunction(X=>(0.5310367 + 95.48984)/((Isoeugenol/Silicon)**0.058433577 - 1*(-0.34222454)))
