complexity,loss,score,equation,sympy_format,lambda_format
3,63.70945,0.0,Na ^ 0.50923836,Na**0.50923836,PySRFunction(X=>Na**0.50923836)
5,22.623602,0.5176696028008972,(9.215543 * 9.216118) - 1.3402973,-1*1.3402973 + 9.215543*9.216118,PySRFunction(X=>-1*1.3402973 + 9.215543*9.216118)
13,21.91949,0.003952187779483429,(((-1.4345809 + Silicon) ^ 0.5858704) ^ 0.9391378) + ((2.2836952 - -1.2817093) / 0.07848771),((Silicon - 1.4345809)**0.5858704)**0.9391378 + (2.2836952 - 1*(-1.2817093))/0.07848771,PySRFunction(X=>((Silicon - 1.4345809)**0.5858704)**0.9391378 + (2.2836952 - 1*(-1.2817093))/0.07848771)
15,20.13921,0.04235376714337812,((((-1.9024994 - 0.45039928) - ((0.88659304 ^ Isoeugenol) ^ Isoeugenol)) - 1.1061218) / 0.23282175) / -0.19599211,(-(0.88659304**Isoeugenol)**Isoeugenol - 1.9024994 - 1*1.1061218 - 1*0.45039928)/((-0.19599211)*0.23282175),PySRFunction(X=>(-(0.88659304**Isoeugenol)**Isoeugenol - 1.9024994 - 1*1.1061218 - 1*0.45039928)/((-0.19599211)*0.23282175))
17,19.688162,0.011325559840838694,(((-0.5396364 / ((-315.79294 / (-7.9614086 + -8.044884)) / Isoeugenol)) - -1.4206418) + -0.86448765) - (7.9541936 / -0.09170888),-0.86448765 - 1*(-1.4206418) - 7.9541936/(-0.09170888) - 0.5396364*(-0.00316663190760376*Isoeugenol*(-8.044884 - 7.9614086)),PySRFunction(X=>-0.86448765 - 1*(-1.4206418) - 7.9541936/(-0.09170888) - 0.5396364*(-0.00316663190760376*Isoeugenol*(-8.044884 - 7.9614086)))
19,19.33113,0.009150395775425379,(((((Na * 0.7003573) ^ 0.4191927) + ((2.7969306 / 0.17042203) + -0.20250064)) ^ 1.1496452) + (3.2180285 / 0.08676595)) + 2.3448033,((Na*0.7003573)**0.4191927 - 0.20250064 + 2.7969306/0.17042203)**1.1496452 + 2.3448033 + 3.2180285/0.08676595,PySRFunction(X=>((Na*0.7003573)**0.4191927 - 0.20250064 + 2.7969306/0.17042203)**1.1496452 + 2.3448033 + 3.2180285/0.08676595)
