complexity,loss,score,equation,sympy_format,lambda_format
3,22.623602,0.0,2.988421 - -80.599655,2.988421 - 1*(-80.599655),PySRFunction(X=>2.988421 - 1*(-80.599655))
5,19.209627,0.08179106900001577,(Silicon ^ 0.4860099) + 63.036854,Silicon**0.4860099 + 63.036854,PySRFunction(X=>Silicon**0.4860099 + 63.036854)
7,18.758064,0.011893909831550137,74.59457 + (0.015983125 * (Na - Isoeugenol)),0.015983125*(-Isoeugenol + Na) + 74.59457,PySRFunction(X=>0.015983125*(-Isoeugenol + Na) + 74.59457)
9,18.658365,0.002664584478506365,74.43854 + ((0.015356009 * (Na - Isoeugenol)) - -2.2971785),0.015356009*(-Isoeugenol + Na) - 1*(-2.2971785) + 74.43854,PySRFunction(X=>0.015356009*(-Isoeugenol + Na) - 1*(-2.2971785) + 74.43854)
11,18.174004,0.013151174816870375,(0.5310367 + 95.48984) / (((Isoeugenol / Silicon) ^ 0.058433577) - -0.34222454),(0.5310367 + 95.48984)/((Isoeugenol/Silicon)**0.058433577 - 1*(-0.34222454)),PySRFunction(X=>(0.5310367 + 95.48984)/((Isoeugenol/Silicon)**0.058433577 - 1*(-0.34222454)))
13,17.865448,0.008561826620342746,((Silicon / 408.01672) - -91.78627) - ((595.84485 - (-1.9507368 * Isoeugenol)) / Na),Silicon/408.01672 - 1*(-91.78627) - (595.84485 - (-1)*1.9507368*Isoeugenol)/Na,PySRFunction(X=>Silicon/408.01672 - 1*(-91.78627) - (595.84485 - (-1)*1.9507368*Isoeugenol)/Na)
15,17.776636,0.0024917786459961446,(59.972862 - ((Isoeugenol + (1421.5702 + Isoeugenol)) / ((11.499326 + 12.018321) + Na))) + 35.52693,-(Isoeugenol + Isoeugenol + 1421.5702)/(Na + 11.499326 + 12.018321) + 35.52693 + 59.972862,PySRFunction(X=>-(Isoeugenol + Isoeugenol + 1421.5702)/(Na + 11.499326 + 12.018321) + 35.52693 + 59.972862)
17,17.695364,0.002291163233267909,(3.5220468 + (((13.392658 - -2.74298) * 8.214626) / (((Isoeugenol + 8.356633) - -5.296115) ^ 0.13262118))) + -0.57314163,-0.57314163 + 3.5220468 + (13.392658 - 1*(-2.74298))*8.214626/(Isoeugenol - 1*(-5.296115) + 8.356633)**0.13262118,PySRFunction(X=>-0.57314163 + 3.5220468 + (13.392658 - 1*(-2.74298))*8.214626/(Isoeugenol - 1*(-5.296115) + 8.356633)**0.13262118)
