complexity,loss,score,equation,sympy_format,lambda_format
1,86.42009,0.0,0.18299055,0.182990550000000,PySRFunction(X=>0.182990550000000)
3,22.623602,0.6701132371535918,41.796978 - -41.79234,41.796978 - 1*(-41.79234),PySRFunction(X=>41.796978 - 1*(-41.79234))
5,18.705288,0.09509371649369659,(Silicon ^ 0.11345968) * 42.690815,Silicon**0.11345968*42.690815,PySRFunction(X=>Silicon**0.11345968*42.690815)
7,18.686045,0.0005146380231710534,(0.0142758535 * (Na - Isoeugenol)) - -77.6879,0.0142758535*(-Isoeugenol + Na) - 1*(-77.6879),PySRFunction(X=>0.0142758535*(-Isoeugenol + Na) - 1*(-77.6879))
9,18.539957,0.003924373881251626,(((Isoeugenol + Isoeugenol) ^ 0.95156443) / Isoeugenol) / 0.020783963,(Isoeugenol + Isoeugenol)**0.95156443/(0.020783963*Isoeugenol),PySRFunction(X=>(Isoeugenol + Isoeugenol)**0.95156443/(0.020783963*Isoeugenol))
11,17.987473,0.015126334827724741,92.78049 + ((((19.018274 * -28.47259) - Isoeugenol) - Isoeugenol) / Na),92.78049 + (-Isoeugenol - Isoeugenol + 19.018274*(-28.47259))/Na,PySRFunction(X=>92.78049 + (-Isoeugenol - Isoeugenol + 19.018274*(-28.47259))/Na)
13,17.895973,0.0025499278501552414,((((6.1651316 * -58.61828) - Isoeugenol) / (Na / 1.9768353)) - -95.13746) - 0.89257,-1*0.89257 - 1*(-95.13746) + (-Isoeugenol + 6.1651316*(-58.61828))/((Na/1.9768353)),PySRFunction(X=>-1*0.89257 - 1*(-95.13746) + (-Isoeugenol + 6.1651316*(-58.61828))/((Na/1.9768353)))
15,17.695616,0.00562939509217353,(((Silicon ^ 0.63240236) - -58.942863) + (((-0.2994513 * Isoeugenol) - Silicon) * 0.04452709)) - -3.4003768,Silicon**0.63240236 + (-0.2994513*Isoeugenol - Silicon)*0.04452709 - 1*(-3.4003768) - 1*(-58.942863),PySRFunction(X=>Silicon**0.63240236 + (-0.2994513*Isoeugenol - Silicon)*0.04452709 - 1*(-3.4003768) - 1*(-58.942863))
17,17.46339,0.006605117822246938,(85.48083 * 1.1409278) - (((-0.390206 - (Isoeugenol * (Silicon / Na))) - Na) / (Na / -4.0911255)),85.48083*1.1409278 - (-Isoeugenol*Silicon/Na - Na - 0.390206)/(Na/(-4.0911255)),PySRFunction(X=>85.48083*1.1409278 - (-Isoeugenol*Silicon/Na - Na - 0.390206)/(Na/(-4.0911255)))
