complexity,loss,score,equation,sympy_format,lambda_format
3,22.623602,0.0,2.988421 - -80.599655,2.988421 - 1*(-80.599655),PySRFunction(X=>2.988421 - 1*(-80.599655))
5,19.210297,0.08177363013157694,(Silicon ^ 0.48762763) + 62.89052,Silicon**0.48762763 + 62.89052,PySRFunction(X=>Silicon**0.48762763 + 62.89052)
7,18.922533,0.007546501601615048,((Silicon - Isoeugenol) * 0.013780467) - -76.764244,(-Isoeugenol + Silicon)*0.013780467 - 1*(-76.764244),PySRFunction(X=>(-Isoeugenol + Silicon)*0.013780467 - 1*(-76.764244))
11,18.174004,0.010090303196875384,(0.5310367 + 95.48984) / (((Isoeugenol / Silicon) ^ 0.058433577) - -0.34222454),(0.5310367 + 95.48984)/((Isoeugenol/Silicon)**0.058433577 - 1*(-0.34222454)),PySRFunction(X=>(0.5310367 + 95.48984)/((Isoeugenol/Silicon)**0.058433577 - 1*(-0.34222454)))
15,17.865385,0.004281794901708875,((Silicon / 408.01672) - -91.78627) - ((595.84485 - ((-1.9507368 * Isoeugenol) - 0.3280215)) / Na),Silicon/408.01672 - 1*(-91.78627) - (595.84485 - (-1.9507368*Isoeugenol - 1*0.3280215))/Na,PySRFunction(X=>Silicon/408.01672 - 1*(-91.78627) - (595.84485 - (-1.9507368*Isoeugenol - 1*0.3280215))/Na)
17,17.863262,5.9420106294538286e-05,((Silicon / 408.01657) - -91.55544) - ((595.8519 - ((-1.8997488 * (Isoeugenol + 0.24101952)) - 0.33358768)) / Na),Silicon/408.01657 - 1*(-91.55544) - (595.8519 - (-1.8997488*(Isoeugenol + 0.24101952) - 1*0.33358768))/Na,PySRFunction(X=>Silicon/408.01657 - 1*(-91.55544) - (595.8519 - (-1.8997488*(Isoeugenol + 0.24101952) - 1*0.33358768))/Na)
19,17.793272,0.001962896614954306,((Silicon / 408.01672) - -91.78627) - (((595.84485 - ((-1.9507368 + (-1.9507368 * Isoeugenol)) + Na)) + Silicon) / Na),Silicon/408.01672 - 1*(-91.78627) - (Silicon - (-1.9507368*Isoeugenol + Na - 1.9507368) + 595.84485)/Na,PySRFunction(X=>Silicon/408.01672 - 1*(-91.78627) - (Silicon - (-1.9507368*Isoeugenol + Na - 1.9507368) + 595.84485)/Na)
