complexity,loss,score,equation,sympy_format,lambda_format
3,76.77281,0.0,2.2155147 / 0.21666504,2.2155147/0.21666504,PySRFunction(X=>2.2155147/0.21666504)
5,52.15739,0.1932923314933555,Silicon / (Silicon ^ 0.426844),Silicon/(Silicon**0.426844),PySRFunction(X=>Silicon/(Silicon**0.426844))
7,22.623602,0.4176360902006112,((2.6590846 / 9.995871) - -8.973434) * 9.0470705,(2.6590846/9.995871 - 1*(-8.973434))*9.0470705,PySRFunction(X=>(2.6590846/9.995871 - 1*(-8.973434))*9.0470705)
15,19.021545,0.021677676689937773,(((((0.09789534 ^ -1.595484) * Silicon) / 0.17820524) ^ 0.18348454) / 0.14688832) - (-3.732986 / 0.14832385),(Silicon/(0.09789534**1.595484*0.17820524))**0.18348454/0.14688832 - (-1)*3.732986/0.14832385,PySRFunction(X=>(Silicon/(0.09789534**1.595484*0.17820524))**0.18348454/0.14688832 - (-1)*3.732986/0.14832385)
17,18.931335,0.0023768991940770756,(((((2.2155147 - -0.7860434) + ((0.42566296 + 0.5250295) ^ Isoeugenol)) / 0.21666504) + 2.2155147) / 0.21666504) + -0.6941059,(((0.42566296 + 0.5250295)**Isoeugenol - 1*(-0.7860434) + 2.2155147)/0.21666504 + 2.2155147)/0.21666504 - 0.6941059,PySRFunction(X=>(((0.42566296 + 0.5250295)**Isoeugenol - 1*(-0.7860434) + 2.2155147)/0.21666504 + 2.2155147)/0.21666504 - 0.6941059)
19,18.848408,0.0021950158100157097,((((((2.2155147 - -0.7860434) + ((0.42566296 + 0.5250295) ^ Isoeugenol)) / 0.21666504) + 0.5242543) / 0.21666504) - -1.7956954) * 1.0495663,((((0.42566296 + 0.5250295)**Isoeugenol - 1*(-0.7860434) + 2.2155147)/0.21666504 + 0.5242543)/0.21666504 - 1*(-1.7956954))*1.0495663,PySRFunction(X=>((((0.42566296 + 0.5250295)**Isoeugenol - 1*(-0.7860434) + 2.2155147)/0.21666504 + 0.5242543)/0.21666504 - 1*(-1.7956954))*1.0495663)
