complexity,loss,score,equation,sympy_format,lambda_format
3,22.623602,0.0,2.988421 - -80.599655,2.988421 - 1*(-80.599655),PySRFunction(X=>2.988421 - 1*(-80.599655))
5,19.643883,0.07061385273975034,(Isoeugenol * -0.027853502) - -88.68508,Isoeugenol*(-0.027853502) - 1*(-88.68508),PySRFunction(X=>Isoeugenol*(-0.027853502) - 1*(-88.68508))
11,18.174004,0.012962295129064131,(0.5310367 + 95.48984) / (((Isoeugenol / Silicon) ^ 0.058433577) - -0.34222454),(0.5310367 + 95.48984)/((Isoeugenol/Silicon)**0.058433577 - 1*(-0.34222454)),PySRFunction(X=>(0.5310367 + 95.48984)/((Isoeugenol/Silicon)**0.058433577 - 1*(-0.34222454)))
