complexity,loss,score,equation,sympy_format,lambda_format
1,86.42009,0.0,0.18299055,0.182990550000000,PySRFunction(X=>0.182990550000000)
3,22.623602,0.6701132371535918,41.796978 - -41.79234,41.796978 - 1*(-41.79234),PySRFunction(X=>41.796978 - 1*(-41.79234))
5,19.643883,0.07061385273975034,(-0.027853537 * Isoeugenol) - -88.684906,-0.027853537*Isoeugenol - 1*(-88.684906),PySRFunction(X=>-0.027853537*Isoeugenol - 1*(-88.684906))
7,18.951164,0.01795031884901814,((-2012.432 / Silicon) + 38.846222) + 57.884335,38.846222 + 57.884335 - 2012.432/Silicon,PySRFunction(X=>38.846222 + 57.884335 - 2012.432/Silicon)
9,18.539957,0.010968556809350744,(((Isoeugenol + Isoeugenol) ^ 0.95156443) / Isoeugenol) / 0.020783963,(Isoeugenol + Isoeugenol)**0.95156443/(0.020783963*Isoeugenol),PySRFunction(X=>(Isoeugenol + Isoeugenol)**0.95156443/(0.020783963*Isoeugenol))
11,18.051437,0.013351473513522576,((1.9184355 + (Na ^ 0.052483063)) ^ 3.742923) - (Isoeugenol / Na),-Isoeugenol/Na + (Na**0.052483063 + 1.9184355)**3.742923,PySRFunction(X=>-Isoeugenol/Na + (Na**0.052483063 + 1.9184355)**3.742923)
13,18.006155,0.0012558249537209414,((1.9184355 + (Na ^ 0.052483063)) ^ 3.742923) - ((Isoeugenol / Na) - 1.2350909),(Na**0.052483063 + 1.9184355)**3.742923 - (Isoeugenol/Na - 1*1.2350909),PySRFunction(X=>(Na**0.052483063 + 1.9184355)**3.742923 - (Isoeugenol/Na - 1*1.2350909))
15,17.89446,0.003111238077535538,((1.9463449 + (Na ^ 0.05126719)) ^ 3.736544) - (((Isoeugenol * 1.2367827) - Na) / Na),(Na**0.05126719 + 1.9463449)**3.736544 - (Isoeugenol*1.2367827 - Na)/Na,PySRFunction(X=>(Na**0.05126719 + 1.9463449)**3.736544 - (Isoeugenol*1.2367827 - Na)/Na)
17,17.46339,0.012192239047521338,(85.48083 * 1.1409278) - (((-0.390206 - (Isoeugenol * (Silicon / Na))) - Na) / (Na / -4.0911255)),85.48083*1.1409278 - (-Isoeugenol*Silicon/Na - Na - 0.390206)/(Na/(-4.0911255)),PySRFunction(X=>85.48083*1.1409278 - (-Isoeugenol*Silicon/Na - Na - 0.390206)/(Na/(-4.0911255)))
