complexity,loss,score,equation,sympy_format,lambda_format
3,22.623606,0.0,41.84552 + 41.74705,41.74705 + 41.84552,PySRFunction(X=>41.74705 + 41.84552)
5,22.272827,0.007813229570396879,(Isoeugenol ^ -1.2573535) - -83.595116,Isoeugenol**(-1.2573535) - 1*(-83.595116),PySRFunction(X=>Isoeugenol**(-1.2573535) - 1*(-83.595116))
7,21.878616,0.008928846923771692,(-1.9916217 - -83.595116) + (2.4697206 / Isoeugenol),-1.9916217 - 1*(-83.595116) + 2.4697206/Isoeugenol,PySRFunction(X=>-1.9916217 - 1*(-83.595116) + 2.4697206/Isoeugenol)
9,20.827827,0.024609896150010475,((2.6590846 / (0.9005738 + Isoeugenol)) - -8.973434) * 9.0470705,(-1*(-8.973434) + 2.6590846/(Isoeugenol + 0.9005738))*9.0470705,PySRFunction(X=>(-1*(-8.973434) + 2.6590846/(Isoeugenol + 0.9005738))*9.0470705)
11,18.98248,0.04638674031854669,(((Na - Isoeugenol) / (-0.15157527 - -83.5843)) - -83.5843) / 1.0485989,((-Isoeugenol + Na)/(-0.15157527 - 1*(-83.5843)) - 1*(-83.5843))/1.0485989,PySRFunction(X=>((-Isoeugenol + Na)/(-0.15157527 - 1*(-83.5843)) - 1*(-83.5843))/1.0485989)
13,18.683828,0.007929055821367909,(((Na - (Isoeugenol + Isoeugenol)) / (-1.0824869 - -83.5843)) - -83.5843) - 1.6384043,(Na - (Isoeugenol + Isoeugenol))/(-1.0824869 - 1*(-83.5843)) - 1*1.6384043 - 1*(-83.5843),PySRFunction(X=>(Na - (Isoeugenol + Isoeugenol))/(-1.0824869 - 1*(-83.5843)) - 1*1.6384043 - 1*(-83.5843))
15,18.596891,0.0023319603248229395,((((Na - (Isoeugenol + Isoeugenol)) / (-1.0824869 - -83.5843)) - -0.15157527) - -83.5843) / 1.0485989,((Na - (Isoeugenol + Isoeugenol))/(-1.0824869 - 1*(-83.5843)) - 1*(-0.15157527) - 1*(-83.5843))/1.0485989,PySRFunction(X=>((Na - (Isoeugenol + Isoeugenol))/(-1.0824869 - 1*(-83.5843)) - 1*(-0.15157527) - 1*(-83.5843))/1.0485989)
17,17.811844,0.02156539346489463,((((8.56231 / (((3.0691578 / Isoeugenol) + Isoeugenol) ^ 0.1807878)) - -4.988827) * 9.076738) - 7.565166) - -0.55756927,(-1*(-4.988827) + 8.56231/((Isoeugenol + 3.0691578/Isoeugenol)**0.1807878))*9.076738 - 1*7.565166 - 1*(-0.55756927),PySRFunction(X=>(-1*(-4.988827) + 8.56231/((Isoeugenol + 3.0691578/Isoeugenol)**0.1807878))*9.076738 - 1*7.565166 - 1*(-0.55756927))
