complexity,loss,score,equation,sympy_format,lambda_format
1,86.42009,0.0,0.18299055,0.182990550000000,PySRFunction(X=>0.182990550000000)
3,22.623602,0.6701132371535918,41.796978 - -41.79234,41.796978 - 1*(-41.79234),PySRFunction(X=>41.796978 - 1*(-41.79234))
5,18.705288,0.09509371649369659,(Silicon ^ 0.11345968) * 42.690815,Silicon**0.11345968*42.690815,PySRFunction(X=>Silicon**0.11345968*42.690815)
7,18.668303,0.0009896028474572938,76.482994 + ((Isoeugenol - Na) / -62.179546),(Isoeugenol - Na)/(-62.179546) + 76.482994,PySRFunction(X=>(Isoeugenol - Na)/(-62.179546) + 76.482994)
9,18.529736,0.0037251329551647554,((77.42807 - -14.018658) - (Isoeugenol ^ 0.5189463)) + 1.0742394,-Isoeugenol**0.5189463 + 1.0742394 - 1*(-14.018658) + 77.42807,PySRFunction(X=>-Isoeugenol**0.5189463 + 1.0742394 - 1*(-14.018658) + 77.42807)
11,17.987473,0.01485061092952539,92.78049 + ((((19.018274 * -28.47259) - Isoeugenol) - Isoeugenol) / Na),92.78049 + (-Isoeugenol - Isoeugenol + 19.018274*(-28.47259))/Na,PySRFunction(X=>92.78049 + (-Isoeugenol - Isoeugenol + 19.018274*(-28.47259))/Na)
13,17.75679,0.006453796592608462,2.2019203 + (((((Isoeugenol + 6.4725385) ^ -0.108280726) * 3.7159264) * 4.541438) / 0.14368679),3.7159264*4.541438/((Isoeugenol + 6.4725385)**0.108280726*0.14368679) + 2.2019203,PySRFunction(X=>3.7159264*4.541438/((Isoeugenol + 6.4725385)**0.108280726*0.14368679) + 2.2019203)
15,17.695616,0.001725526349720304,(((Silicon ^ 0.63240236) - -58.942863) + (((-0.2994513 * Isoeugenol) - Silicon) * 0.04452709)) - -3.4003768,Silicon**0.63240236 + (-0.2994513*Isoeugenol - Silicon)*0.04452709 - 1*(-3.4003768) - 1*(-58.942863),PySRFunction(X=>Silicon**0.63240236 + (-0.2994513*Isoeugenol - Silicon)*0.04452709 - 1*(-3.4003768) - 1*(-58.942863))
17,17.46339,0.006605117822246938,(85.48083 * 1.1409278) - (((-0.390206 - (Isoeugenol * (Silicon / Na))) - Na) / (Na / -4.0911255)),85.48083*1.1409278 - (-Isoeugenol*Silicon/Na - Na - 0.390206)/(Na/(-4.0911255)),PySRFunction(X=>85.48083*1.1409278 - (-Isoeugenol*Silicon/Na - Na - 0.390206)/(Na/(-4.0911255)))
