complexity,loss,score,equation,sympy_format,lambda_format
1,84.85045,0.0,1.8104621,1.81046210000000,PySRFunction(X=>1.81046210000000)
3,22.623602,0.6609482987606192,41.796978 - -41.79234,41.796978 - 1*(-41.79234),PySRFunction(X=>41.796978 - 1*(-41.79234))
5,18.705286,0.09509376995451753,(Silicon ^ 0.11345967) * 42.690815,Silicon**0.11345967*42.690815,PySRFunction(X=>Silicon**0.11345967*42.690815)
7,18.668303,0.0009895493866363357,76.482994 + ((Isoeugenol - Na) / -62.179546),(Isoeugenol - Na)/(-62.179546) + 76.482994,PySRFunction(X=>(Isoeugenol - Na)/(-62.179546) + 76.482994)
9,18.529736,0.0037251329551647554,((77.42807 - -14.018658) - (Isoeugenol ^ 0.5189463)) + 1.0742394,-Isoeugenol**0.5189463 + 1.0742394 - 1*(-14.018658) + 77.42807,PySRFunction(X=>-Isoeugenol**0.5189463 + 1.0742394 - 1*(-14.018658) + 77.42807)
11,17.587994,0.02608014142610105,((Silicon ^ 0.5495646) - -56.02431) - (-2.3688927 / (1.5118958 - Isoeugenol)),Silicon**0.5495646 - 1*(-56.02431) - (-1)*2.3688927/(1.5118958 - Isoeugenol),PySRFunction(X=>Silicon**0.5495646 - 1*(-56.02431) - (-1)*2.3688927/(1.5118958 - Isoeugenol))
17,17.387314,0.0019126083874194415,(131.46402 - ((((2.6515057 / (Na / Silicon)) * Isoeugenol) ^ 0.49508205) + (11.101848 - -11.394497))) + -11.579416,-((2.6515057*Isoeugenol/((Na/Silicon)))**0.49508205 + 11.101848 - 1*(-11.394497)) - 11.579416 + 131.46402,PySRFunction(X=>-((2.6515057*Isoeugenol/((Na/Silicon)))**0.49508205 + 11.101848 - 1*(-11.394497)) - 11.579416 + 131.46402)
19,17.36343,0.0006872947457103698,(131.46402 - (((Isoeugenol * (2.6515057 / ((Na / Silicon) ^ 1.2790748))) ^ 0.49508205) + (11.101848 - -11.394497))) + -11.579416,-((Isoeugenol*2.6515057/(Na/Silicon)**1.2790748)**0.49508205 + 11.101848 - 1*(-11.394497)) - 11.579416 + 131.46402,PySRFunction(X=>-((Isoeugenol*2.6515057/(Na/Silicon)**1.2790748)**0.49508205 + 11.101848 - 1*(-11.394497)) - 11.579416 + 131.46402)
