complexity,loss,score,equation,sympy_format,lambda_format
3,22.623602,0.0,2.988421 - -80.599655,2.988421 - 1*(-80.599655),PySRFunction(X=>2.988421 - 1*(-80.599655))
5,19.210297,0.08177363013157694,(Silicon ^ 0.48762763) + 62.89052,Silicon**0.48762763 + 62.89052,PySRFunction(X=>Silicon**0.48762763 + 62.89052)
7,18.922533,0.007546501601615048,((Silicon - Isoeugenol) * 0.013780467) - -76.764244,(-Isoeugenol + Silicon)*0.013780467 - 1*(-76.764244),PySRFunction(X=>(-Isoeugenol + Silicon)*0.013780467 - 1*(-76.764244))
9,18.783537,0.0036863197252539922,(123.30621 + (0.025915693 * (Na - Isoeugenol))) * 0.6038022,(0.025915693*(-Isoeugenol + Na) + 123.30621)*0.6038022,PySRFunction(X=>(0.025915693*(-Isoeugenol + Na) + 123.30621)*0.6038022)
11,18.174004,0.01649428666849676,(0.5310367 + 95.48984) / (((Isoeugenol / Silicon) ^ 0.058433577) - -0.34222454),(0.5310367 + 95.48984)/((Isoeugenol/Silicon)**0.058433577 - 1*(-0.34222454)),PySRFunction(X=>(0.5310367 + 95.48984)/((Isoeugenol/Silicon)**0.058433577 - 1*(-0.34222454)))
13,17.865448,0.008561826620342746,((Silicon / 408.01672) - -91.78627) - ((595.84485 - (-1.9507368 * Isoeugenol)) / Na),Silicon/408.01672 - 1*(-91.78627) - (595.84485 - (-1)*1.9507368*Isoeugenol)/Na,PySRFunction(X=>Silicon/408.01672 - 1*(-91.78627) - (595.84485 - (-1)*1.9507368*Isoeugenol)/Na)
15,17.831305,0.0009564738398425059,((Silicon / 408.01672) - -91.78627) - ((595.84485 - ((-1.9507368 * Isoeugenol) - Silicon)) / Na),Silicon/408.01672 - 1*(-91.78627) - (595.84485 - (-1.9507368*Isoeugenol - Silicon))/Na,PySRFunction(X=>Silicon/408.01672 - 1*(-91.78627) - (595.84485 - (-1.9507368*Isoeugenol - Silicon))/Na)
19,17.793272,0.0005338030322406693,((Silicon / 408.01672) - -91.78627) - (((595.84485 - ((-1.9507368 + (-1.9507368 * Isoeugenol)) + Na)) + Silicon) / Na),Silicon/408.01672 - 1*(-91.78627) - (Silicon - (-1.9507368*Isoeugenol + Na - 1.9507368) + 595.84485)/Na,PySRFunction(X=>Silicon/408.01672 - 1*(-91.78627) - (Silicon - (-1.9507368*Isoeugenol + Na - 1.9507368) + 595.84485)/Na)
