complexity,loss,score,equation,sympy_format,lambda_format
1,85.73513,0.0,0.8929147,0.892914700000000,PySRFunction(X=>0.892914700000000)
3,22.623602,0.6661344811541177,42.025394 + 41.563133,41.563133 + 42.025394,PySRFunction(X=>41.563133 + 42.025394)
5,20.05195,0.06033364587018255,(0.0151510965 * Na) - -74.16951,0.0151510965*Na - 1*(-74.16951),PySRFunction(X=>0.0151510965*Na - 1*(-74.16951))
7,18.894194,0.02973586338858818,(48.77553 / (Silicon ^ -0.100545146)) + -2.3312852,-2.3312852 + 48.77553/(Silicon**(-0.100545146)),PySRFunction(X=>-2.3312852 + 48.77553/(Silicon**(-0.100545146)))
9,17.69978,0.03265123449005433,(128.77664 / ((Isoeugenol + 11.67445) ^ 0.12169798)) - -0.9219889,-1*(-0.9219889) + 128.77664/((Isoeugenol + 11.67445)**0.12169798),PySRFunction(X=>-1*(-0.9219889) + 128.77664/((Isoeugenol + 11.67445)**0.12169798))
11,17.623808,0.002150747459220774,((95.77927 / (2.148487 + (Isoeugenol / Na))) + 50.114296) + -0.16632958,-0.16632958 + 50.114296 + 95.77927/(Isoeugenol/Na + 2.148487),PySRFunction(X=>-0.16632958 + 50.114296 + 95.77927/(Isoeugenol/Na + 2.148487))
13,17.622553,3.560651269874223e-05,0.7959746 + ((95.69122 / (((Isoeugenol + 1.7788559) / Na) + 2.138005)) + 49.259296),0.7959746 + 49.259296 + 95.69122/(2.138005 + (Isoeugenol + 1.7788559)/Na),PySRFunction(X=>0.7959746 + 49.259296 + 95.69122/(2.138005 + (Isoeugenol + 1.7788559)/Na))
15,17.40718,0.006148368697756311,(128.77664 / ((Isoeugenol + (11.67445 - (-1.0332997 / (-0.9386104 + Isoeugenol)))) ^ 0.11939402)) + -0.46704808,-0.46704808 + 128.77664/((Isoeugenol + 11.67445 - (-1)*1.0332997/(Isoeugenol - 0.9386104))**0.11939402),PySRFunction(X=>-0.46704808 + 128.77664/((Isoeugenol + 11.67445 - (-1)*1.0332997/(Isoeugenol - 0.9386104))**0.11939402))
19,17.379005,0.00040497407463745334,((((Na ^ 1.0846915) / 0.019133188) + ((Silicon / (Isoeugenol - (0.4669505 / Isoeugenol))) - Isoeugenol)) / Na) + -0.37278005,-0.37278005 + (-Isoeugenol + Na**1.0846915/0.019133188 + Silicon/(Isoeugenol - 0.4669505/Isoeugenol))/Na,PySRFunction(X=>-0.37278005 + (-Isoeugenol + Na**1.0846915/0.019133188 + Silicon/(Isoeugenol - 0.4669505/Isoeugenol))/Na)
