complexity,loss,score,equation,sympy_format,lambda_format
1,86.42009,0.0,0.18299055,0.182990550000000,PySRFunction(X=>0.182990550000000)
3,22.623602,0.6701132371535918,41.796978 - -41.79234,41.796978 - 1*(-41.79234),PySRFunction(X=>41.796978 - 1*(-41.79234))
5,18.705288,0.09509371649369659,(Silicon ^ 0.11345968) * 42.690815,Silicon**0.11345968*42.690815,PySRFunction(X=>Silicon**0.11345968*42.690815)
7,18.700089,0.00013899071338004023,((Silicon ^ 0.109146856) * 45.764038) - 3.7929356,Silicon**0.109146856*45.764038 - 1*3.7929356,PySRFunction(X=>Silicon**0.109146856*45.764038 - 1*3.7929356)
9,18.539957,0.004300021191042588,(((Isoeugenol + Isoeugenol) ^ 0.95156443) / Isoeugenol) / 0.020783963,(Isoeugenol + Isoeugenol)**0.95156443/(0.020783963*Isoeugenol),PySRFunction(X=>(Isoeugenol + Isoeugenol)**0.95156443/(0.020783963*Isoeugenol))
11,18.051437,0.013351473513522576,((1.9184355 + (Na ^ 0.052483063)) ^ 3.742923) - (Isoeugenol / Na),-Isoeugenol/Na + (Na**0.052483063 + 1.9184355)**3.742923,PySRFunction(X=>-Isoeugenol/Na + (Na**0.052483063 + 1.9184355)**3.742923)
13,17.991604,0.0016600445828516257,92.78049 + (((((-28.47259 * 19.018274) - Isoeugenol) - Isoeugenol) / Na) - 0.22277027),-1*0.22277027 + 92.78049 + (-Isoeugenol - Isoeugenol - 28.47259*19.018274)/Na,PySRFunction(X=>-1*0.22277027 + 92.78049 + (-Isoeugenol - Isoeugenol - 28.47259*19.018274)/Na)
15,17.89446,0.002707018448404889,((1.9463449 + (Na ^ 0.05126719)) ^ 3.736544) - (((Isoeugenol * 1.2367827) - Na) / Na),(Na**0.05126719 + 1.9463449)**3.736544 - (Isoeugenol*1.2367827 - Na)/Na,PySRFunction(X=>(Na**0.05126719 + 1.9463449)**3.736544 - (Isoeugenol*1.2367827 - Na)/Na)
17,17.46339,0.012192239047521338,(85.48083 * 1.1409278) - (((-0.390206 - (Isoeugenol * (Silicon / Na))) - Na) / (Na / -4.0911255)),85.48083*1.1409278 - (-Isoeugenol*Silicon/Na - Na - 0.390206)/(Na/(-4.0911255)),PySRFunction(X=>85.48083*1.1409278 - (-Isoeugenol*Silicon/Na - Na - 0.390206)/(Na/(-4.0911255)))
