complexity,loss,score,equation,sympy_format,lambda_format
3,22.623602,0.0,41.796978 - -41.79234,41.796978 - 1*(-41.79234),PySRFunction(X=>41.796978 - 1*(-41.79234))
5,19.643883,0.07061385273975034,(-0.027853537 * Isoeugenol) - -88.684906,-0.027853537*Isoeugenol - 1*(-88.684906),PySRFunction(X=>-0.027853537*Isoeugenol - 1*(-88.684906))
9,18.733894,0.011857898883214103,(((Silicon ^ 0.057025567) + 1.4597106) ^ 4.19803) + 0.656328,(Silicon**0.057025567 + 1.4597106)**4.19803 + 0.656328,PySRFunction(X=>(Silicon**0.057025567 + 1.4597106)**4.19803 + 0.656328)
11,18.680437,0.0014287850389781305,(1.4597106 / Isoeugenol) + (((Silicon ^ 0.057025567) + 1.4597106) ^ 4.19803),(Silicon**0.057025567 + 1.4597106)**4.19803 + 1.4597106/Isoeugenol,PySRFunction(X=>(Silicon**0.057025567 + 1.4597106)**4.19803 + 1.4597106/Isoeugenol)
13,18.619568,0.0016318779054289624,((((-1.3195211 - (-0.10662761 - 30.58926)) * Silicon) - Isoeugenol) ^ 0.35107163) - -57.688408,(-Isoeugenol + Silicon*(-1.3195211 - (-1*30.58926 - 0.10662761)))**0.35107163 - 1*(-57.688408),PySRFunction(X=>(-Isoeugenol + Silicon*(-1.3195211 - (-1*30.58926 - 0.10662761)))**0.35107163 - 1*(-57.688408))
15,17.944681,0.018459661409172982,((4.268739 * 0.8954347) * ((Na ^ 0.2918139) - -16.916006)) + ((-1.42773 * Isoeugenol) / Na),-1.42773*Isoeugenol/Na + 4.268739*0.8954347*(Na**0.2918139 - 1*(-16.916006)),PySRFunction(X=>-1.42773*Isoeugenol/Na + 4.268739*0.8954347*(Na**0.2918139 - 1*(-16.916006)))
17,17.943325,3.778421126667523e-05,((4.268739 * 0.8954347) * ((Na ^ 0.2918139) - -16.916006)) + (((-1.42773 * Isoeugenol) - 4.268739) / Na),4.268739*0.8954347*(Na**0.2918139 - 1*(-16.916006)) + (-1.42773*Isoeugenol - 1*4.268739)/Na,PySRFunction(X=>4.268739*0.8954347*(Na**0.2918139 - 1*(-16.916006)) + (-1.42773*Isoeugenol - 1*4.268739)/Na)
19,17.895708,0.0013286359600999695,((70.14452 + (((-23.201778 * (Na - -31.031624)) - (Isoeugenol + Isoeugenol)) / Na)) + 9.589348) - (-23.001379 * 1.6505284),9.589348 - (-1)*1.6505284*23.001379 + 70.14452 + (-(Isoeugenol + Isoeugenol) - 23.201778*(Na - 1*(-31.031624)))/Na,PySRFunction(X=>9.589348 - (-1)*1.6505284*23.001379 + 70.14452 + (-(Isoeugenol + Isoeugenol) - 23.201778*(Na - 1*(-31.031624)))/Na)
