complexity,loss,score,equation,sympy_format,lambda_format
1,86.42009,0.0,0.18299055,0.182990550000000,PySRFunction(X=>0.182990550000000)
3,22.623602,0.6701132371535918,41.796978 - -41.79234,41.796978 - 1*(-41.79234),PySRFunction(X=>41.796978 - 1*(-41.79234))
5,19.643883,0.07061385273975034,(-0.027853537 * Isoeugenol) - -88.684906,-0.027853537*Isoeugenol - 1*(-88.684906),PySRFunction(X=>-0.027853537*Isoeugenol - 1*(-88.684906))
7,18.996866,0.016745986974725152,(-2012.7533 / Silicon) + (19.47325 - -75.970924),19.47325 - 1*(-75.970924) - 2012.7533/Silicon,PySRFunction(X=>19.47325 - 1*(-75.970924) - 2012.7533/Silicon)
9,18.539957,0.012172888683643702,(((Isoeugenol + Isoeugenol) ^ 0.95156443) / Isoeugenol) / 0.020783963,(Isoeugenol + Isoeugenol)**0.95156443/(0.020783963*Isoeugenol),PySRFunction(X=>(Isoeugenol + Isoeugenol)**0.95156443/(0.020783963*Isoeugenol))
11,18.539915,1.1326899941996235e-06,((((Isoeugenol + Isoeugenol) ^ 0.95156443) / Isoeugenol) / 0.020783963) - 0.32500517,-1*0.32500517 + (Isoeugenol + Isoeugenol)**0.95156443/(0.020783963*Isoeugenol),PySRFunction(X=>-1*0.32500517 + (Isoeugenol + Isoeugenol)**0.95156443/(0.020783963*Isoeugenol))
13,18.00779,0.014560766696389903,0.09206896 + ((((Na ^ 0.05126719) + 1.9463449) ^ 3.736544) - (Isoeugenol / Na)),-Isoeugenol/Na + (Na**0.05126719 + 1.9463449)**3.736544 + 0.09206896,PySRFunction(X=>-Isoeugenol/Na + (Na**0.05126719 + 1.9463449)**3.736544 + 0.09206896)
15,17.935421,0.002013428844520814,(85.48083 * 1.1409278) - ((-0.390206 - (Isoeugenol * (Silicon / Na))) / (Na / -4.0911255)),85.48083*1.1409278 - (-Isoeugenol*Silicon/Na - 0.390206)/(Na/(-4.0911255)),PySRFunction(X=>85.48083*1.1409278 - (-Isoeugenol*Silicon/Na - 0.390206)/(Na/(-4.0911255)))
17,17.46339,0.013335447361395542,(85.48083 * 1.1409278) - (((-0.390206 - (Isoeugenol * (Silicon / Na))) - Na) / (Na / -4.0911255)),85.48083*1.1409278 - (-Isoeugenol*Silicon/Na - Na - 0.390206)/(Na/(-4.0911255)),PySRFunction(X=>85.48083*1.1409278 - (-Isoeugenol*Silicon/Na - Na - 0.390206)/(Na/(-4.0911255)))
