complexity,loss,score,equation,sympy_format,lambda_format
3,22.623602,0.0,2.988421 - -80.599655,2.988421 - 1*(-80.599655),PySRFunction(X=>2.988421 - 1*(-80.599655))
5,19.210297,0.08177363013157694,(Silicon ^ 0.48762763) + 62.89052,Silicon**0.48762763 + 62.89052,PySRFunction(X=>Silicon**0.48762763 + 62.89052)
7,18.79905,0.010820050357136811,74.43854 + (0.015356009 * (Na - Isoeugenol)),0.015356009*(-Isoeugenol + Na) + 74.43854,PySRFunction(X=>0.015356009*(-Isoeugenol + Na) + 74.43854)
9,18.658365,0.0037558828213586325,74.43854 + ((0.015356009 * (Na - Isoeugenol)) - -2.2971785),0.015356009*(-Isoeugenol + Na) - 1*(-2.2971785) + 74.43854,PySRFunction(X=>0.015356009*(-Isoeugenol + Na) - 1*(-2.2971785) + 74.43854)
11,18.174004,0.013151174816870375,(0.5310367 + 95.48984) / (((Isoeugenol / Silicon) ^ 0.058433577) - -0.34222454),(0.5310367 + 95.48984)/((Isoeugenol/Silicon)**0.058433577 - 1*(-0.34222454)),PySRFunction(X=>(0.5310367 + 95.48984)/((Isoeugenol/Silicon)**0.058433577 - 1*(-0.34222454)))
13,17.865448,0.008561826620342746,((Silicon / 408.01672) - -91.78627) - ((595.84485 - (-1.9507368 * Isoeugenol)) / Na),Silicon/408.01672 - 1*(-91.78627) - (595.84485 - (-1)*1.9507368*Isoeugenol)/Na,PySRFunction(X=>Silicon/408.01672 - 1*(-91.78627) - (595.84485 - (-1)*1.9507368*Isoeugenol)/Na)
15,17.831305,0.0009564738398425059,((Silicon / 408.01672) - -91.78627) - ((595.84485 - ((-1.9507368 * Isoeugenol) - Silicon)) / Na),Silicon/408.01672 - 1*(-91.78627) - (595.84485 - (-1.9507368*Isoeugenol - Silicon))/Na,PySRFunction(X=>Silicon/408.01672 - 1*(-91.78627) - (595.84485 - (-1.9507368*Isoeugenol - Silicon))/Na)
17,17.75519,0.002138876449340576,((Silicon / (Silicon - Isoeugenol)) - -91.78627) - ((595.84485 - ((-1.9507368 * Isoeugenol) - 1.3316679)) / Na),Silicon/(-Isoeugenol + Silicon) - 1*(-91.78627) - (595.84485 - (-1.9507368*Isoeugenol - 1*1.3316679))/Na,PySRFunction(X=>Silicon/(-Isoeugenol + Silicon) - 1*(-91.78627) - (595.84485 - (-1.9507368*Isoeugenol - 1*1.3316679))/Na)
19,17.69709,0.0016388241324369114,((Silicon / (Silicon - Isoeugenol)) - -91.78627) - ((595.84485 - ((-1.9507368 * (Isoeugenol - Silicon)) - -2.4717727)) / Na),Silicon/(-Isoeugenol + Silicon) - 1*(-91.78627) - (595.84485 - (-1.9507368*(Isoeugenol - Silicon) - 1*(-2.4717727)))/Na,PySRFunction(X=>Silicon/(-Isoeugenol + Silicon) - 1*(-91.78627) - (595.84485 - (-1.9507368*(Isoeugenol - Silicon) - 1*(-2.4717727)))/Na)
