complexity,loss,score,equation,sympy_format,lambda_format
1,874.70197,0.0,Silicon,Silicon,PySRFunction(X=>Silicon)
3,22.623602,1.8274447625011851,41.796978 - -41.79234,41.796978 - 1*(-41.79234),PySRFunction(X=>41.796978 - 1*(-41.79234))
5,19.643883,0.07061385273975034,(-0.027853537 * Isoeugenol) - -88.684906,-0.027853537*Isoeugenol - 1*(-88.684906),PySRFunction(X=>-0.027853537*Isoeugenol - 1*(-88.684906))
9,18.539957,0.01445943782918445,(((Isoeugenol + Isoeugenol) ^ 0.95156443) / Isoeugenol) / 0.020783963,(Isoeugenol + Isoeugenol)**0.95156443/(0.020783963*Isoeugenol),PySRFunction(X=>(Isoeugenol + Isoeugenol)**0.95156443/(0.020783963*Isoeugenol))
13,18.285807,0.0034507639153672403,(((((Isoeugenol + -0.06852553) + Isoeugenol) ^ 0.93108946) / Isoeugenol) / 0.019681577) - 1.0006652,-1*1.0006652 + (Isoeugenol + Isoeugenol - 0.06852553)**0.93108946/(0.019681577*Isoeugenol),PySRFunction(X=>-1*1.0006652 + (Isoeugenol + Isoeugenol - 0.06852553)**0.93108946/(0.019681577*Isoeugenol))
15,17.944681,0.009415718630904905,((4.268739 * 0.8954347) * ((Na ^ 0.2918139) - -16.916006)) + ((-1.42773 * Isoeugenol) / Na),-1.42773*Isoeugenol/Na + 4.268739*0.8954347*(Na**0.2918139 - 1*(-16.916006)),PySRFunction(X=>-1.42773*Isoeugenol/Na + 4.268739*0.8954347*(Na**0.2918139 - 1*(-16.916006)))
17,17.83102,0.003177055354387731,((((((Na ^ 0.053598184) + 2.1588545) ^ 3.1516395) - (Isoeugenol / Na)) + 1.9937361) + 0.24798723) * 1.5856266,(-Isoeugenol/Na + (Na**0.053598184 + 2.1588545)**3.1516395 + 0.24798723 + 1.9937361)*1.5856266,PySRFunction(X=>(-Isoeugenol/Na + (Na**0.053598184 + 2.1588545)**3.1516395 + 0.24798723 + 1.9937361)*1.5856266)
