complexity,loss,score,equation,sympy_format,lambda_format
1,85.73513,0.0,0.8929147,0.892914700000000,PySRFunction(X=>0.892914700000000)
3,22.623602,0.6661344811541177,42.025394 + 41.563133,41.563133 + 42.025394,PySRFunction(X=>41.563133 + 42.025394)
5,20.05195,0.06033364587018255,(0.0151510965 * Na) - -74.16951,0.0151510965*Na - 1*(-74.16951),PySRFunction(X=>0.0151510965*Na - 1*(-74.16951))
7,18.894194,0.02973586338858818,(48.77553 / (Silicon ^ -0.100545146)) + -2.3312852,-2.3312852 + 48.77553/(Silicon**(-0.100545146)),PySRFunction(X=>-2.3312852 + 48.77553/(Silicon**(-0.100545146)))
9,17.698683,0.03268222453615754,(128.77664 / ((Isoeugenol + 11.67445) ^ 0.12169798)) + 1.0350013,1.0350013 + 128.77664/((Isoeugenol + 11.67445)**0.12169798),PySRFunction(X=>1.0350013 + 128.77664/((Isoeugenol + 11.67445)**0.12169798))
11,17.623808,0.002119757413117564,((95.77927 / (2.148487 + (Isoeugenol / Na))) + 50.114296) + -0.16632958,-0.16632958 + 50.114296 + 95.77927/(Isoeugenol/Na + 2.148487),PySRFunction(X=>-0.16632958 + 50.114296 + 95.77927/(Isoeugenol/Na + 2.148487))
13,17.622553,3.560651269874223e-05,0.7959746 + ((95.69122 / (((Isoeugenol + 1.7788559) / Na) + 2.138005)) + 49.259296),0.7959746 + 49.259296 + 95.69122/(2.138005 + (Isoeugenol + 1.7788559)/Na),PySRFunction(X=>0.7959746 + 49.259296 + 95.69122/(2.138005 + (Isoeugenol + 1.7788559)/Na))
15,17.283865,0.009703047416477198,(94.76157 + (((-68.50783 - Silicon) * ((Isoeugenol ^ 0.46400154) - 1.5603372)) / Na)) + 0.46400154,0.46400154 + 94.76157 + (Isoeugenol**0.46400154 - 1*1.5603372)*(-Silicon - 68.50783)/Na,PySRFunction(X=>0.46400154 + 94.76157 + (Isoeugenol**0.46400154 - 1*1.5603372)*(-Silicon - 68.50783)/Na)
17,17.22071,0.0018303390355056774,(92.94291 + (((-78.77191 - Silicon) * (((Isoeugenol ^ 0.4842011) - 2.5091262) / 1.2161788)) / Na)) - -0.6862689,-1*(-0.6862689) + 92.94291 + (Isoeugenol**0.4842011 - 1*2.5091262)*(-Silicon - 78.77191)/(1.2161788*Na),PySRFunction(X=>-1*(-0.6862689) + 92.94291 + (Isoeugenol**0.4842011 - 1*2.5091262)*(-Silicon - 78.77191)/(1.2161788*Na))
