complexity,loss,score,equation,sympy_format,lambda_format
3,22.623602,0.0,41.796978 - -41.79234,41.796978 - 1*(-41.79234),PySRFunction(X=>41.796978 - 1*(-41.79234))
5,19.643883,0.07061385273975034,(-0.027853537 * Isoeugenol) - -88.684906,-0.027853537*Isoeugenol - 1*(-88.684906),PySRFunction(X=>-0.027853537*Isoeugenol - 1*(-88.684906))
11,19.210299,0.0037199084454711505,(((Na ^ 0.23554948) + (2.1159022 / 0.18549038)) ^ 1.603006) + 2.3097775,(Na**0.23554948 + 2.1159022/0.18549038)**1.603006 + 2.3097775,PySRFunction(X=>(Na**0.23554948 + 2.1159022/0.18549038)**1.603006 + 2.3097775)
13,19.104174,0.0027698481302074643,(((((Silicon + Silicon) - 6.2557464) ^ 0.24753024) + 6.2557464) + 6.2557464) ^ 1.547776,((Silicon + Silicon - 1*6.2557464)**0.24753024 + 6.2557464 + 6.2557464)**1.547776,PySRFunction(X=>((Silicon + Silicon - 1*6.2557464)**0.24753024 + 6.2557464 + 6.2557464)**1.547776)
15,19.058588,0.0011945157869268676,(((((Silicon + Silicon) - 0.9829739) ^ 0.24753024) + (5.1113815 + 0.4194236)) + 6.2557464) ^ 1.547776,((Silicon + Silicon - 1*0.9829739)**0.24753024 + 0.4194236 + 5.1113815 + 6.2557464)**1.547776,PySRFunction(X=>((Silicon + Silicon - 1*0.9829739)**0.24753024 + 0.4194236 + 5.1113815 + 6.2557464)**1.547776)
17,18.713686,0.009131342902113562,(0.03962713 - ((((0.5054346 - Silicon) + Isoeugenol) - (0.18356846 ^ -4.687731)) + 0.3719313)) ^ (0.5682395 ^ 1.0663849),(0.03962713 - (Isoeugenol - Silicon - 1/0.18356846**4.687731 + 0.3719313 + 0.5054346))**(0.5682395**1.0663849),PySRFunction(X=>(0.03962713 - (Isoeugenol - Silicon - 1/0.18356846**4.687731 + 0.3719313 + 0.5054346))**(0.5682395**1.0663849))
