complexity,loss,score,equation,sympy_format,lambda_format
3,22.623602,0.0,2.988421 - -80.599655,2.988421 - 1*(-80.599655),PySRFunction(X=>2.988421 - 1*(-80.599655))
5,19.209627,0.08179106900001577,(Silicon ^ 0.4860099) + 63.036854,Silicon**0.4860099 + 63.036854,PySRFunction(X=>Silicon**0.4860099 + 63.036854)
7,18.758064,0.011893909831550137,74.59457 + (0.015983125 * (Na - Isoeugenol)),0.015983125*(-Isoeugenol + Na) + 74.59457,PySRFunction(X=>0.015983125*(-Isoeugenol + Na) + 74.59457)
9,18.658365,0.002664584478506365,74.43854 + ((0.015356009 * (Na - Isoeugenol)) - -2.2971785),0.015356009*(-Isoeugenol + Na) - 1*(-2.2971785) + 74.43854,PySRFunction(X=>0.015356009*(-Isoeugenol + Na) - 1*(-2.2971785) + 74.43854)
11,18.174004,0.013151174816870375,(0.5310367 + 95.48984) / (((Isoeugenol / Silicon) ^ 0.058433577) - -0.34222454),(0.5310367 + 95.48984)/((Isoeugenol/Silicon)**0.058433577 - 1*(-0.34222454)),PySRFunction(X=>(0.5310367 + 95.48984)/((Isoeugenol/Silicon)**0.058433577 - 1*(-0.34222454)))
13,17.697763,0.013276986977966431,-1.4939343 + ((14.176874 * 9.481531) / ((13.630166 - (-0.07311138 - Isoeugenol)) ^ 0.12274057)),-1.4939343 + 14.176874*9.481531/(13.630166 - (-Isoeugenol - 0.07311138))**0.12274057,PySRFunction(X=>-1.4939343 + 14.176874*9.481531/(13.630166 - (-Isoeugenol - 0.07311138))**0.12274057)
15,17.697136,1.7714416985989242e-05,((14.176874 * 9.481531) / ((13.630166 - ((0.08141747 * 0.04238014) - Isoeugenol)) ^ 0.12274057)) + -1.4939343,-1.4939343 + 14.176874*9.481531/(13.630166 - (-Isoeugenol + 0.08141747*0.04238014))**0.12274057,PySRFunction(X=>-1.4939343 + 14.176874*9.481531/(13.630166 - (-Isoeugenol + 0.08141747*0.04238014))**0.12274057)
17,17.58518,0.0031731583538602134,-0.43989792 + (((15.589943 - -1.6822865) * 7.565152) / ((7.4584284 - ((-2.870543 / Isoeugenol) - Isoeugenol)) ^ 0.12110888)),-0.43989792 + (15.589943 - 1*(-1.6822865))*7.565152/(7.4584284 - (-Isoeugenol - 2.870543/Isoeugenol))**0.12110888,PySRFunction(X=>-0.43989792 + (15.589943 - 1*(-1.6822865))*7.565152/(7.4584284 - (-Isoeugenol - 2.870543/Isoeugenol))**0.12110888)
