complexity,loss,score,equation,sympy_format,lambda_format
3,22.623602,0.0,41.796978 - -41.79234,41.796978 - 1*(-41.79234),PySRFunction(X=>41.796978 - 1*(-41.79234))
5,19.643883,0.07061385273975034,(-0.027853537 * Isoeugenol) - -88.684906,-0.027853537*Isoeugenol - 1*(-88.684906),PySRFunction(X=>-0.027853537*Isoeugenol - 1*(-88.684906))
9,19.318075,0.00418120150077688,(((Silicon ^ 0.24753024) + 6.2557464) + 6.2557464) ^ 1.547776,(Silicon**0.24753024 + 6.2557464 + 6.2557464)**1.547776,PySRFunction(X=>(Silicon**0.24753024 + 6.2557464 + 6.2557464)**1.547776)
11,18.79936,0.013609179717898951,(((Silicon ^ 0.13034742) + (0.8842353 / 0.22927153)) ^ 2.4457934) + 2.2444644,(Silicon**0.13034742 + 0.8842353/0.22927153)**2.4457934 + 2.2444644,PySRFunction(X=>(Silicon**0.13034742 + 0.8842353/0.22927153)**2.4457934 + 2.2444644)
13,18.791742,0.00020265434368719006,((((Silicon + -1.9323809) ^ 0.13034742) + (0.8842353 / 0.22927153)) ^ 2.4457934) + 2.2444644,((Silicon - 1.9323809)**0.13034742 + 0.8842353/0.22927153)**2.4457934 + 2.2444644,PySRFunction(X=>((Silicon - 1.9323809)**0.13034742 + 0.8842353/0.22927153)**2.4457934 + 2.2444644)
15,18.296846,0.01334441137459924,((((Silicon ^ 0.23554948) + (2.1159022 / 0.18549038)) ^ 1.603006) - (Isoeugenol / Na)) + 2.3097775,-Isoeugenol/Na + (Silicon**0.23554948 + 2.1159022/0.18549038)**1.603006 + 2.3097775,PySRFunction(X=>-Isoeugenol/Na + (Silicon**0.23554948 + 2.1159022/0.18549038)**1.603006 + 2.3097775)
19,17.895708,0.005541946926817892,((70.14452 + (((-23.201778 * (Na - -31.031624)) - (Isoeugenol + Isoeugenol)) / Na)) + 9.589348) - (-23.001379 * 1.6505284),9.589348 - (-1)*1.6505284*23.001379 + 70.14452 + (-(Isoeugenol + Isoeugenol) - 23.201778*(Na - 1*(-31.031624)))/Na,PySRFunction(X=>9.589348 - (-1)*1.6505284*23.001379 + 70.14452 + (-(Isoeugenol + Isoeugenol) - 23.201778*(Na - 1*(-31.031624)))/Na)
