complexity,loss,score,equation,sympy_format,lambda_format
3,22.623602,0.0,42.864685 + 40.725792,40.725792 + 42.864685,PySRFunction(X=>40.725792 + 42.864685)
8,20.203676,0.022625825914573176,((0.01535692 * Na) - -77.50478) - 1.0188856,0.01535692*Na - 1*1.0188856 - 1*(-77.50478),PySRFunction(X=>0.01535692*Na - 1*1.0188856 - 1*(-77.50478))
10,19.64479,0.014026202419220523,(88.04214 + ((Isoeugenol * -13.2919445) / 484.65076)) + 0.48731345,Isoeugenol*(-13.2919445)/484.65076 + 0.48731345 + 88.04214,PySRFunction(X=>Isoeugenol*(-13.2919445)/484.65076 + 0.48731345 + 88.04214)
11,18.659407,0.051461747502981686,((0.01535692 * (Na - Isoeugenol)) - -77.50478) + -0.5743454,0.01535692*(-Isoeugenol + Na) - 0.5743454 - 1*(-77.50478),PySRFunction(X=>0.01535692*(-Isoeugenol + Na) - 0.5743454 - 1*(-77.50478))
13,18.658367,2.786875766684268e-05,((0.015353007 * (Na - Isoeugenol)) - (-77.50478 + 1.7991995)) + 1.0355415,0.015353007*(-Isoeugenol + Na) + 1.0355415 - (-77.50478 + 1.7991995),PySRFunction(X=>0.015353007*(-Isoeugenol + Na) + 1.0355415 - (-77.50478 + 1.7991995))
15,18.589754,0.0018420547335816807,((((-1.3222073 * (Isoeugenol - -83.581566)) / Na) / 0.6139938) - -83.581566) ^ 1.0211225,(-1*(-83.581566) - 1.3222073*(Isoeugenol - 1*(-83.581566))/(0.6139938*Na))**1.0211225,PySRFunction(X=>(-1*(-83.581566) - 1.3222073*(Isoeugenol - 1*(-83.581566))/(0.6139938*Na))**1.0211225)
16,17.659277,0.05134931436447133,(4.689396 * (11.523133 + (4.689396 / (((0.03678134 * Isoeugenol) * 0.1712923) + 0.52550405)))) + -0.05943016,4.689396*(11.523133 + 4.689396/(0.03678134*Isoeugenol*0.1712923 + 0.52550405)) - 0.05943016,PySRFunction(X=>4.689396*(11.523133 + 4.689396/(0.03678134*Isoeugenol*0.1712923 + 0.52550405)) - 0.05943016)
20,17.65536,5.545859095281458e-05,((7.2196536 + (4.748415 / (((0.09565748 * (0.21563995 + Isoeugenol)) * 0.09387773) + 0.796673))) * 7.266272) - (-0.28678074 / 0.96619517),(7.2196536 + 4.748415/(0.09565748*(Isoeugenol + 0.21563995)*0.09387773 + 0.796673))*7.266272 - (-1)*0.28678074/0.96619517,PySRFunction(X=>(7.2196536 + 4.748415/(0.09565748*(Isoeugenol + 0.21563995)*0.09387773 + 0.796673))*7.266272 - (-1)*0.28678074/0.96619517)
