complexity,loss,score,equation,sympy_format,lambda_format
3,21.18604,0.0,82.92502 + PC_2,PC_2 + 82.92502,PySRFunction(X=>PC_2 + 82.92502)
5,19.575342,0.03953588061158966,(82.92502 + PC_2) - PC_1,-PC_1 + PC_2 + 82.92502,PySRFunction(X=>-PC_1 + PC_2 + 82.92502)
7,18.261158,0.034747211263498924,(83.58953 - (PC_1 - PC_2)) + PC_3,PC_3 - (PC_1 - PC_2) + 83.58953,PySRFunction(X=>PC_3 - (PC_1 - PC_2) + 83.58953)
9,17.627558,0.017656408771269838,(PC_2 + ((83.58911 + PC_3) + PC_2)) - PC_1,-PC_1 + PC_2 + PC_2 + PC_3 + 83.58911,PySRFunction(X=>-PC_1 + PC_2 + PC_2 + PC_3 + 83.58911)
11,17.073397,0.015970975905327447,(((84.030174 + PC_2) - PC_1) + (2.070239 * PC_3)) + PC_2,-PC_1 + PC_2 + PC_2 + 2.070239*PC_3 + 84.030174,PySRFunction(X=>-PC_1 + PC_2 + PC_2 + 2.070239*PC_3 + 84.030174)
13,16.802185,0.008006291816202547,((PC_2 + ((PC_3 + PC_3) + 82.92502)) - (PC_1 * 1.5577339)) + PC_2,-1.5577339*PC_1 + PC_2 + PC_2 + PC_3 + PC_3 + 82.92502,PySRFunction(X=>-1.5577339*PC_1 + PC_2 + PC_2 + PC_3 + PC_3 + 82.92502)
15,16.78905,0.00039102464287039403,PC_3 + (((PC_2 + (PC_3 - -41.733597)) - (-41.857483 + (PC_1 / 0.6421203))) + PC_2),PC_2 + PC_2 + PC_3 + PC_3 - (PC_1/0.6421203 - 41.857483) - 1*(-41.733597),PySRFunction(X=>PC_2 + PC_2 + PC_3 + PC_3 - (PC_1/0.6421203 - 41.857483) - 1*(-41.733597))
17,16.78741,4.884374354243579e-05,(((27.61274 * 3.0234346) + PC_3) - (((PC_1 - (PC_2 * 1.3360928)) * 1.2451572) * 1.2451118)) + PC_3,PC_3 + PC_3 - 1.2451118*1.2451572*(PC_1 - 1.3360928*PC_2) + 27.61274*3.0234346,PySRFunction(X=>PC_3 + PC_3 - 1.2451118*1.2451572*(PC_1 - 1.3360928*PC_2) + 27.61274*3.0234346)
19,16.700384,0.0025987437664317186,(((((1.3471601 / 0.016866092) + PC_2) + PC_3) - ((PC_1 * (PC_2 + PC_4)) / PC_2)) + 1.040399) + PC_2,-PC_1*(PC_2 + PC_4)/PC_2 + PC_2 + PC_2 + PC_3 + 1.040399 + 1.3471601/0.016866092,PySRFunction(X=>-PC_1*(PC_2 + PC_4)/PC_2 + PC_2 + PC_2 + PC_3 + 1.040399 + 1.3471601/0.016866092)
