complexity,loss,score,equation,sympy_format,lambda_format
3,71.8204,0.0,PC_3 * PC_3,PC_3*PC_3,PySRFunction(X=>PC_3*PC_3)
5,22.829449,0.5730586164607172,(-2.487967 / 0.8817351) / -0.03256474,-2.487967/((-0.03256474)*0.8817351),PySRFunction(X=>-2.487967/((-0.03256474)*0.8817351))
7,21.395409,0.032437479519077404,((-2.487967 / 0.8817351) / -0.03256474) + PC_2,PC_2 - 2.487967/((-0.03256474)*0.8817351),PySRFunction(X=>PC_2 - 2.487967/((-0.03256474)*0.8817351))
11,21.33045,0.0007601842487396859,((12.566729 / 0.14809689) + PC_3) - (PC_1 / (PC_2 + -6.462485)),-PC_1/(PC_2 - 6.462485) + PC_3 + 12.566729/0.14809689,PySRFunction(X=>-PC_1/(PC_2 - 6.462485) + PC_3 + 12.566729/0.14809689)
13,20.948881,0.009025198626666795,(((1.3471601 / 0.016866092) + 1.401469) + PC_3) - (PC_1 / (PC_2 + 0.33915818)),-PC_1/(PC_2 + 0.33915818) + PC_3 + 1.401469 + 1.3471601/0.016866092,PySRFunction(X=>-PC_1/(PC_2 + 0.33915818) + PC_3 + 1.401469 + 1.3471601/0.016866092)
19,18.165516,0.023760026751379937,(((((PC_3 - -11.2463875) - PC_1) + 9.301449) - -9.368192) + (((1.110755 ^ PC_3) ^ PC_2) + PC_2)) / 0.37980443,(-PC_1 + PC_2 + PC_3 + (1.110755**PC_3)**PC_2 + 9.301449 - 1*(-9.368192) - 1*(-11.2463875))/0.37980443,PySRFunction(X=>(-PC_1 + PC_2 + PC_3 + (1.110755**PC_3)**PC_2 + 9.301449 - 1*(-9.368192) - 1*(-11.2463875))/0.37980443)
