complexity,loss,score,equation,sympy_format,lambda_format
3,21.506847,0.0,PC_3 + 83.58953,PC_3 + 83.58953,PySRFunction(X=>PC_3 + 83.58953)
5,19.922104,0.03827074024094757,(83.58953 - PC_1) + PC_3,-PC_1 + PC_3 + 83.58953,PySRFunction(X=>-PC_1 + PC_3 + 83.58953)
7,18.261158,0.04352678930356684,(83.58953 - (PC_1 - PC_2)) + PC_3,PC_3 - (PC_1 - PC_2) + 83.58953,PySRFunction(X=>PC_3 - (PC_1 - PC_2) + 83.58953)
9,17.627558,0.017656408771269838,(PC_2 + ((83.58911 + PC_3) + PC_2)) - PC_1,-PC_1 + PC_2 + PC_2 + PC_3 + 83.58911,PySRFunction(X=>-PC_1 + PC_2 + PC_2 + PC_3 + 83.58911)
11,17.074102,0.015950330176628513,(PC_3 + (83.58953 - ((PC_1 - PC_2) - PC_2))) + PC_3,PC_3 + PC_3 - (PC_1 - PC_2 - PC_2) + 83.58953,PySRFunction(X=>PC_3 + PC_3 - (PC_1 - PC_2 - PC_2) + 83.58953)
13,16.828821,0.007234930146449812,(((PC_2 + (PC_3 + 83.58911)) + PC_3) - (PC_1 * 1.3501292)) + PC_2,-1.3501292*PC_1 + PC_2 + PC_2 + PC_3 + PC_3 + 83.58911,PySRFunction(X=>-1.3501292*PC_1 + PC_2 + PC_2 + PC_3 + PC_3 + 83.58911)
17,16.78905,0.0005915160206610283,(PC_3 + 0.9819406) + (PC_2 + ((((PC_3 - -80.76171) + PC_2) - (PC_1 / 0.64183575)) + 1.8473582)),-PC_1/0.64183575 + PC_2 + PC_2 + PC_3 + PC_3 + 0.9819406 + 1.8473582 - 1*(-80.76171),PySRFunction(X=>-PC_1/0.64183575 + PC_2 + PC_2 + PC_3 + PC_3 + 0.9819406 + 1.8473582 - 1*(-80.76171))
19,16.700384,0.002647587509974161,(((((1.3471601 / 0.016866092) + PC_2) + PC_3) - ((PC_1 * (PC_2 + PC_4)) / PC_2)) + 1.040399) + PC_2,-PC_1*(PC_2 + PC_4)/PC_2 + PC_2 + PC_2 + PC_3 + 1.040399 + 1.3471601/0.016866092,PySRFunction(X=>-PC_1*(PC_2 + PC_4)/PC_2 + PC_2 + PC_2 + PC_3 + 1.040399 + 1.3471601/0.016866092)
