complexity,loss,score,equation,sympy_format,lambda_format
1,86.22975,0.0,PC_2,PC_2,PySRFunction(X=>PC_2)
3,21.12281,0.7033308732534013,83.589294 - PC_1,83.589294 - PC_1,PySRFunction(X=>83.589294 - PC_1)
5,19.488436,0.04026611760539938,(-29.763779 / PC_1) + 84.93557,84.93557 - 29.763779/PC_1,PySRFunction(X=>84.93557 - 29.763779/PC_1)
7,17.811234,0.04499594110030804,83.587654 - ((PC_2 + -2.8042) * PC_3),83.587654 - PC_3*(PC_2 - 2.8042),PySRFunction(X=>83.587654 - PC_3*(PC_2 - 2.8042))
9,16.922276,0.025599260660338928,(((PC_2 - PC_1) + PC_3) / 0.5517876) + 83.60084,(-PC_1 + PC_2 + PC_3)/0.5517876 + 83.60084,PySRFunction(X=>(-PC_1 + PC_2 + PC_3)/0.5517876 + 83.60084)
11,16.788223,0.003976615908705595,(((PC_3 + PC_2) + 46.38192) ^ 1.1526188) - (PC_1 / 0.6287367),-PC_1/0.6287367 + (PC_2 + PC_3 + 46.38192)**1.1526188,PySRFunction(X=>-PC_1/0.6287367 + (PC_2 + PC_3 + 46.38192)**1.1526188)
13,16.781933,0.0001873688067939731,((83.81135 + ((PC_3 / 0.46765935) + PC_2)) - (PC_1 * 1.5542727)) + PC_2,-1.5542727*PC_1 + PC_2 + PC_2 + PC_3/0.46765935 + 83.81135,PySRFunction(X=>-1.5542727*PC_1 + PC_2 + PC_2 + PC_3/0.46765935 + 83.81135)
15,16.396694,0.011611580961944715,((-1.9939605 * (PC_1 - (PC_3 + PC_2))) - -81.46) + (PC_1 / (PC_1 + -1.5427783)),PC_1/(PC_1 - 1.5427783) - 1.9939605*(PC_1 - (PC_2 + PC_3)) - 1*(-81.46),PySRFunction(X=>PC_1/(PC_1 - 1.5427783) - 1.9939605*(PC_1 - (PC_2 + PC_3)) - 1*(-81.46))
19,16.341301,0.0008460055794736625,(2.0625978 * ((-0.8597349 * ((PC_1 - 47.569954) - PC_3)) + PC_2)) - ((0.77847755 - PC_4) / (PC_1 + -1.3528877)),-(0.77847755 - PC_4)/(PC_1 - 1.3528877) + 2.0625978*(PC_2 - 0.8597349*(PC_1 - PC_3 - 1*47.569954)),PySRFunction(X=>-(0.77847755 - PC_4)/(PC_1 - 1.3528877) + 2.0625978*(PC_2 - 0.8597349*(PC_1 - PC_3 - 1*47.569954)))
