complexity,loss,score,equation,sympy_format,lambda_format
3,82.22299,0.0,PC_4 * PC_4,PC_4*PC_4,PySRFunction(X=>PC_4*PC_4)
5,61.968273,0.1414062091969658,(PC_3 + PC_3) * PC_3,PC_3*(PC_3 + PC_3),PySRFunction(X=>PC_3*(PC_3 + PC_3))
7,22.623613,0.5038141722114386,(2.4206393 / 0.029484298) + (0.12697084 + 1.3435365),0.12697084 + 1.3435365 + 2.4206393/0.029484298,PySRFunction(X=>0.12697084 + 1.3435365 + 2.4206393/0.029484298)
13,21.45574,0.00883366253267447,(PC_4 - ((((1.3683434 / 0.19914305) / -0.20686014) + PC_1) * 2.2917073)) + PC_3,PC_3 + PC_4 - 2.2917073*(PC_1 + 1.3683434/((-0.20686014)*0.19914305)),PySRFunction(X=>PC_3 + PC_4 - 2.2917073*(PC_1 + 1.3683434/((-0.20686014)*0.19914305)))
15,19.262249,0.05392251929085993,((PC_3 - ((((-1.8808012 + -0.8610372) - 2.071292) / 0.095770456) - PC_2)) / 0.6137235) + -0.8610372,(PC_3 - (-PC_2 + (-1*2.071292 - 1.8808012 - 0.8610372)/0.095770456))/0.6137235 - 0.8610372,PySRFunction(X=>(PC_3 - (-PC_2 + (-1*2.071292 - 1.8808012 - 0.8610372)/0.095770456))/0.6137235 - 0.8610372)
17,17.360683,0.051969559142706186,(((PC_3 - ((((-1.8808012 + -0.8610372) - 2.071292) / 0.095770456) - PC_2)) / 0.6137235) - PC_1) + 0.095770456,-PC_1 + (PC_3 - (-PC_2 + (-1*2.071292 - 1.8808012 - 0.8610372)/0.095770456))/0.6137235 + 0.095770456,PySRFunction(X=>-PC_1 + (PC_3 - (-PC_2 + (-1*2.071292 - 1.8808012 - 0.8610372)/0.095770456))/0.6137235 + 0.095770456)
19,17.238646,0.003527163954028287,(((PC_3 - ((((-1.8808012 + -0.8610372) - 2.071292) / 0.095770456) - PC_2)) / (0.6137235 * 0.9649611)) - PC_1) + -0.8610372,-PC_1 + (PC_3 - (-PC_2 + (-1*2.071292 - 1.8808012 - 0.8610372)/0.095770456))/((0.6137235*0.9649611)) - 0.8610372,PySRFunction(X=>-PC_1 + (PC_3 - (-PC_2 + (-1*2.071292 - 1.8808012 - 0.8610372)/0.095770456))/((0.6137235*0.9649611)) - 0.8610372)
