complexity,loss,score,equation,sympy_format,lambda_format
3,23.101034,0.0,0.64871675 - -78.26825,0.64871675 - 1*(-78.26825),PySRFunction(X=>0.64871675 - 1*(-78.26825))
5,21.137827,0.04440659709483693,(83.58953 - PC_1) + PC_4,-PC_1 + PC_4 + 83.58953,PySRFunction(X=>-PC_1 + PC_4 + 83.58953)
7,18.261158,0.07314394688971781,(83.58953 - (PC_1 - PC_2)) + PC_3,PC_3 - (PC_1 - PC_2) + 83.58953,PySRFunction(X=>PC_3 - (PC_1 - PC_2) + 83.58953)
9,17.627558,0.017656408771269838,(PC_2 + ((83.58911 + PC_3) + PC_2)) - PC_1,-PC_1 + PC_2 + PC_2 + PC_3 + 83.58911,PySRFunction(X=>-PC_1 + PC_2 + PC_2 + PC_3 + 83.58911)
13,17.173094,0.006529904055900794,(PC_2 + (83.58911 + PC_3)) - (((PC_3 + PC_2) / -1.2993284) + PC_1),PC_2 + PC_3 - (PC_1 + (PC_2 + PC_3)/(-1.2993284)) + 83.58911,PySRFunction(X=>PC_2 + PC_3 - (PC_1 + (PC_2 + PC_3)/(-1.2993284)) + 83.58911)
15,17.140686,0.0009444604947644808,(((83.58911 + PC_3) + PC_2) + PC_3) - (((PC_2 - 1.044174) / -1.2993284) + PC_1),PC_2 + PC_3 + PC_3 - (PC_1 + (PC_2 - 1*1.044174)/(-1.2993284)) + 83.58911,PySRFunction(X=>PC_2 + PC_3 + PC_3 - (PC_1 + (PC_2 - 1*1.044174)/(-1.2993284)) + 83.58911)
17,16.92046,0.006465697568095499,((((((PC_3 - -17.919682) - PC_1) + 11.0229645) - (-14.872887 + -0.72855324)) + PC_2) / 0.5431041) - -1.5858136,(-PC_1 + PC_2 + PC_3 + 11.0229645 - (-14.872887 - 0.72855324) - 1*(-17.919682))/0.5431041 - 1*(-1.5858136),PySRFunction(X=>(-PC_1 + PC_2 + PC_3 + 11.0229645 - (-14.872887 - 0.72855324) - 1*(-17.919682))/0.5431041 - 1*(-1.5858136))
19,16.850819,0.0020621398056686925,((((-5.948811 - -89.50769) + PC_2) - PC_1) + (PC_2 - ((-0.18556511 * (6.783963 - PC_2)) * PC_3))) + PC_3,-PC_1 + PC_2 + PC_2 - (-1)*0.18556511*PC_3*(6.783963 - PC_2) + PC_3 - 5.948811 - 1*(-89.50769),PySRFunction(X=>-PC_1 + PC_2 + PC_2 - (-1)*0.18556511*PC_3*(6.783963 - PC_2) + PC_3 - 5.948811 - 1*(-89.50769))
