complexity,loss,score,equation,sympy_format,lambda_format
3,22.623604,0.0,41.2741 + 42.3242,41.2741 + 42.3242,PySRFunction(X=>41.2741 + 42.3242)
7,21.395409,0.01395435493070348,((-2.487967 / 0.8817351) / -0.03256474) + PC_2,PC_2 - 2.487967/((-0.03256474)*0.8817351),PySRFunction(X=>PC_2 - 2.487967/((-0.03256474)*0.8817351))
15,21.122808,0.001602870219531097,11.430501 - ((-12.284262 - ((11.595258 - (-12.2842455 + (-12.2842455 - 11.426269))) - PC_1)) + -12.284277),11.430501 - (-(-PC_1 + 11.595258 - (-12.2842455 - 12.2842455 - 1*11.426269)) - 12.284277 - 12.284262),PySRFunction(X=>11.430501 - (-(-PC_1 + 11.595258 - (-12.2842455 - 12.2842455 - 1*11.426269)) - 12.284277 - 12.284262))
17,20.735744,0.009247215065599794,(((-2.503009 * 1.6615559) / (-0.036467455 / 0.6582725)) - (-2.4909189 / (1.3436685 ^ (-0.78797156 - PC_3)))) + 1.3060704,1.3060704 - 2.503009*1.6615559/(-0.036467455/0.6582725) - (-1)*2.4909189/(1.3436685**(-PC_3 - 0.78797156)),PySRFunction(X=>1.3060704 - 2.503009*1.6615559/(-0.036467455/0.6582725) - (-1)*2.4909189/(1.3436685**(-PC_3 - 0.78797156)))
19,19.418106,0.032826522314489306,(((1.7175112 - ((((0.41624436 / PC_3) / PC_2) + -1.3948424) + -1.6363229)) / 0.05548407) - 1.4835374) + (PC_2 + -1.3948424),PC_2 + (1.7175112 - (-1.6363229 - 1.3948424 + 0.41624436/(PC_2*PC_3)))/0.05548407 - 1*1.4835374 - 1.3948424,PySRFunction(X=>PC_2 + (1.7175112 - (-1.6363229 - 1.3948424 + 0.41624436/(PC_2*PC_3)))/0.05548407 - 1*1.4835374 - 1.3948424)
