complexity,loss,score,equation,sympy_format,lambda_format
3,21.506847,0.0,PC_3 + 83.58953,PC_3 + 83.58953,PySRFunction(X=>PC_3 + 83.58953)
5,20.631725,0.020770704935023313,(PC_2 + 83.5892) + PC_2,PC_2 + PC_2 + 83.5892,PySRFunction(X=>PC_2 + PC_2 + 83.5892)
7,18.261158,0.06102682460949109,(83.58953 - (PC_1 - PC_2)) + PC_3,PC_3 - (PC_1 - PC_2) + 83.58953,PySRFunction(X=>PC_3 - (PC_1 - PC_2) + 83.58953)
9,17.627558,0.017656408771269838,(PC_2 + ((83.58911 + PC_3) + PC_2)) - PC_1,-PC_1 + PC_2 + PC_2 + PC_3 + 83.58911,PySRFunction(X=>-PC_1 + PC_2 + PC_2 + PC_3 + 83.58911)
11,17.074104,0.015950271608398115,(((PC_3 + PC_2) + (83.5892 + PC_3)) + PC_2) - PC_1,-PC_1 + PC_2 + PC_2 + PC_3 + PC_3 + 83.5892,PySRFunction(X=>-PC_1 + PC_2 + PC_2 + PC_3 + PC_3 + 83.5892)
15,16.878935,0.002874133735485244,(((83.58911 + PC_3) + PC_2) + PC_3) - (((PC_2 - PC_1) / -1.2993284) + PC_1),PC_2 + PC_3 + PC_3 - (PC_1 + (-PC_1 + PC_2)/(-1.2993284)) + 83.58911,PySRFunction(X=>PC_2 + PC_3 + PC_3 - (PC_1 + (-PC_1 + PC_2)/(-1.2993284)) + 83.58911)
17,16.878654,8.324054185412913e-06,((((83.3255 + PC_3) + PC_2) - -0.26220453) + PC_3) - (((PC_2 - PC_1) / -1.3225582) + PC_1),PC_2 + PC_3 + PC_3 - (PC_1 + (-PC_1 + PC_2)/(-1.3225582)) - 1*(-0.26220453) + 83.3255,PySRFunction(X=>PC_2 + PC_3 + PC_3 - (PC_1 + (-PC_1 + PC_2)/(-1.3225582)) - 1*(-0.26220453) + 83.3255)
19,16.850819,0.0008252428467762824,((((-5.948811 - -89.50769) + PC_2) - PC_1) + (PC_2 - ((-0.18556511 * (6.783963 - PC_2)) * PC_3))) + PC_3,-PC_1 + PC_2 + PC_2 - (-1)*0.18556511*PC_3*(6.783963 - PC_2) + PC_3 - 5.948811 - 1*(-89.50769),PySRFunction(X=>-PC_1 + PC_2 + PC_2 - (-1)*0.18556511*PC_3*(6.783963 - PC_2) + PC_3 - 5.948811 - 1*(-89.50769))
