complexity,loss,score,equation,sympy_format,lambda_format
3,21.18604,0.0,82.92502 + PC_2,PC_2 + 82.92502,PySRFunction(X=>PC_2 + 82.92502)
5,19.922104,0.030756302571521774,(83.58953 - PC_1) + PC_3,-PC_1 + PC_3 + 83.58953,PySRFunction(X=>-PC_1 + PC_3 + 83.58953)
7,18.261158,0.04352678930356684,(83.58953 - (PC_1 - PC_2)) + PC_3,PC_3 - (PC_1 - PC_2) + 83.58953,PySRFunction(X=>PC_3 - (PC_1 - PC_2) + 83.58953)
9,17.627558,0.017656408771269838,(PC_2 + ((83.58911 + PC_3) + PC_2)) - PC_1,-PC_1 + PC_2 + PC_2 + PC_3 + 83.58911,PySRFunction(X=>-PC_1 + PC_2 + PC_2 + PC_3 + 83.58911)
11,17.074102,0.015950330176628513,(PC_3 + (83.58953 - ((PC_1 - PC_2) - PC_2))) + PC_3,PC_3 + PC_3 - (PC_1 - PC_2 - PC_2) + 83.58953,PySRFunction(X=>PC_3 + PC_3 - (PC_1 - PC_2 - PC_2) + 83.58953)
13,16.802185,0.008026937544901483,((PC_2 + ((PC_3 + PC_3) + 82.92502)) - (PC_1 * 1.5577339)) + PC_2,-1.5577339*PC_1 + PC_2 + PC_2 + PC_3 + PC_3 + 82.92502,PySRFunction(X=>-1.5577339*PC_1 + PC_2 + PC_2 + PC_3 + PC_3 + 82.92502)
15,16.78905,0.00039102464287039403,PC_3 + (((PC_2 + (PC_3 - -41.733597)) - (-41.857483 + (PC_1 / 0.6421203))) + PC_2),PC_2 + PC_2 + PC_3 + PC_3 - (PC_1/0.6421203 - 41.857483) - 1*(-41.733597),PySRFunction(X=>PC_2 + PC_2 + PC_3 + PC_3 - (PC_1/0.6421203 - 41.857483) - 1*(-41.733597))
19,16.700384,0.0013237937549870804,(((((1.3471601 / 0.016866092) + PC_2) + PC_3) - ((PC_1 * (PC_2 + PC_4)) / PC_2)) + 1.040399) + PC_2,-PC_1*(PC_2 + PC_4)/PC_2 + PC_2 + PC_2 + PC_3 + 1.040399 + 1.3471601/0.016866092,PySRFunction(X=>-PC_1*(PC_2 + PC_4)/PC_2 + PC_2 + PC_2 + PC_3 + 1.040399 + 1.3471601/0.016866092)
