complexity,loss,score,equation,sympy_format,lambda_format
3,21.122814,0.0,83.5819 - PC_1,83.5819 - PC_1,PySRFunction(X=>83.5819 - PC_1)
5,19.922106,0.029261859569599178,83.5819 + (PC_3 - PC_1),-PC_1 + PC_3 + 83.5819,PySRFunction(X=>-PC_1 + PC_3 + 83.5819)
7,18.26116,0.04352678473802882,83.5819 + ((PC_3 + PC_2) - PC_1),-PC_1 + PC_2 + PC_3 + 83.5819,PySRFunction(X=>-PC_1 + PC_2 + PC_3 + 83.5819)
9,17.625874,0.017704231931175856,((PC_3 + (PC_2 * 2.0824988)) - -83.589264) - PC_1,-PC_1 + PC_2*2.0824988 + PC_3 - 1*(-83.589264),PySRFunction(X=>-PC_1 + PC_2*2.0824988 + PC_3 - 1*(-83.589264))
11,17.074106,0.01590244464130527,83.5819 + (PC_3 + ((PC_2 + (PC_2 + PC_3)) - PC_1)),-PC_1 + PC_2 + PC_2 + PC_3 + PC_3 + 83.5819,PySRFunction(X=>-PC_1 + PC_2 + PC_2 + PC_3 + PC_3 + 83.5819)
13,16.967173,0.003141284783285968,((PC_3 + ((PC_3 - PC_1) + (PC_2 * 2.0824988))) - -83.589264) - PC_1,-PC_1 - PC_1 + PC_2*2.0824988 + PC_3 + PC_3 - 1*(-83.589264),PySRFunction(X=>-PC_1 - PC_1 + PC_2*2.0824988 + PC_3 + PC_3 - 1*(-83.589264))
15,16.796743,0.005047739352797243,(((PC_3 + ((PC_2 * 2.0824988) - (PC_1 * 1.6538442))) - -83.589264) + PC_3) - -0.17560415,-1.6538442*PC_1 + PC_2*2.0824988 + PC_3 + PC_3 - 1*(-0.17560415) - 1*(-83.589264),PySRFunction(X=>-1.6538442*PC_1 + PC_2*2.0824988 + PC_3 + PC_3 - 1*(-0.17560415) - 1*(-83.589264))
17,16.772095,0.0007342525359222855,(((PC_3 + ((PC_2 * 2.0824988) - (PC_1 * 1.6538442))) - -83.589264) + PC_3) - (-0.17560415 * PC_4),-1.6538442*PC_1 + PC_2*2.0824988 + PC_3 + PC_3 - (-1)*0.17560415*PC_4 - 1*(-83.589264),PySRFunction(X=>-1.6538442*PC_1 + PC_2*2.0824988 + PC_3 + PC_3 - (-1)*0.17560415*PC_4 - 1*(-83.589264))
