complexity,loss,score,equation,sympy_format,lambda_format
3,25.865059,0.0,68.47823 - -2.5741236,68.47823 - 1*(-2.5741236),PySRFunction(X=>68.47823 - 1*(-2.5741236))
5,20.631725,0.11303152242354504,(PC_2 + PC_2) - -83.589165,PC_2 + PC_2 - 1*(-83.589165),PySRFunction(X=>PC_2 + PC_2 - 1*(-83.589165))
7,19.978094,0.016096783203008128,(PC_3 - (-41.519634 - PC_2)) - -42.069565,PC_3 - (-PC_2 - 41.519634) - 1*(-42.069565),PySRFunction(X=>PC_3 - (-PC_2 - 41.519634) - 1*(-42.069565))
9,18.26383,0.04485688600928564,(((10543.061 / 126.60247) - PC_1) + PC_2) + PC_3,-PC_1 + PC_2 + PC_3 + 10543.061/126.60247,PySRFunction(X=>-PC_1 + PC_2 + PC_3 + 10543.061/126.60247)
11,17.630325,0.017651085264737187,((((10543.061 / 126.60247) - PC_1) + PC_2) + PC_2) + PC_3,-PC_1 + PC_2 + PC_2 + PC_3 + 10543.061/126.60247,PySRFunction(X=>-PC_1 + PC_2 + PC_2 + PC_3 + 10543.061/126.60247)
13,17.07696,0.015945122077984434,(((((10543.061 / 126.60247) + PC_3) - PC_1) + PC_2) + PC_2) + PC_3,-PC_1 + PC_2 + PC_2 + PC_3 + PC_3 + 10543.061/126.60247,PySRFunction(X=>-PC_1 + PC_2 + PC_2 + PC_3 + PC_3 + 10543.061/126.60247)
15,16.963972,0.003319192756850009,(2.4206393 / 0.029484298) + (((((PC_3 - PC_1) + PC_2) * 1.230952) + PC_2) + PC_3),PC_2 + PC_3 + (-PC_1 + PC_2 + PC_3)*1.230952 + 2.4206393/0.029484298,PySRFunction(X=>PC_2 + PC_3 + (-PC_1 + PC_2 + PC_3)*1.230952 + 2.4206393/0.029484298)
17,16.898577,0.001931191928195121,(2.4206393 / 0.029484298) + ((((((PC_3 - PC_1) + PC_2) * 1.230952) + PC_2) + PC_3) + 1.4147031),PC_2 + PC_3 + (-PC_1 + PC_2 + PC_3)*1.230952 + 1.4147031 + 2.4206393/0.029484298,PySRFunction(X=>PC_2 + PC_3 + (-PC_1 + PC_2 + PC_3)*1.230952 + 1.4147031 + 2.4206393/0.029484298)
19,16.839773,0.001742944143563089,1.0282446 + (((PC_2 + (((PC_3 + (10543.061 / 126.60247)) + PC_2) - PC_1)) + PC_3) - (PC_1 * 0.36160973)),-PC_1 - 0.36160973*PC_1 + PC_2 + PC_2 + PC_3 + PC_3 + 1.0282446 + 10543.061/126.60247,PySRFunction(X=>-PC_1 - 0.36160973*PC_1 + PC_2 + PC_2 + PC_3 + PC_3 + 1.0282446 + 10543.061/126.60247)
