complexity,loss,score,equation,sympy_format,lambda_format
1,87.16876,0.0,-0.59249026,-0.592490260000000,PySRFunction(X=>-0.592490260000000)
3,21.122814,0.7087461606229634,83.5819 - PC_1,83.5819 - PC_1,PySRFunction(X=>83.5819 - PC_1)
5,19.922106,0.029261859569599178,83.5819 + (PC_3 - PC_1),-PC_1 + PC_3 + 83.5819,PySRFunction(X=>-PC_1 + PC_3 + 83.5819)
7,18.26116,0.04352678473802882,83.5819 + ((PC_3 + PC_2) - PC_1),-PC_1 + PC_2 + PC_3 + 83.5819,PySRFunction(X=>-PC_1 + PC_2 + PC_3 + 83.5819)
9,17.625874,0.017704231931175856,((PC_3 + (PC_2 * 2.0824988)) - -83.589264) - PC_1,-PC_1 + PC_2*2.0824988 + PC_3 - 1*(-83.589264),PySRFunction(X=>-PC_1 + PC_2*2.0824988 + PC_3 - 1*(-83.589264))
11,17.001873,0.018022210831757614,(83.63977 + ((PC_3 - (PC_1 - PC_2)) / 0.6115515)) + PC_3,PC_3 + (PC_3 - (PC_1 - PC_2))/0.6115515 + 83.63977,PySRFunction(X=>PC_3 + (PC_3 - (PC_1 - PC_2))/0.6115515 + 83.63977)
13,16.787834,0.0063345285253070234,PC_3 + ((((2.0311017 * PC_2) - (PC_1 * 1.5367559)) - -83.56698) + PC_3),-1.5367559*PC_1 + 2.0311017*PC_2 + PC_3 + PC_3 - 1*(-83.56698),PySRFunction(X=>-1.5367559*PC_1 + 2.0311017*PC_2 + PC_3 + PC_3 - 1*(-83.56698))
17,16.772095,0.0002344909781230485,(((PC_3 + ((PC_2 * 2.0824988) - (PC_1 * 1.6538442))) - -83.589264) + PC_3) - (-0.17560415 * PC_4),-1.6538442*PC_1 + PC_2*2.0824988 + PC_3 + PC_3 - (-1)*0.17560415*PC_4 - 1*(-83.589264),PySRFunction(X=>-1.6538442*PC_1 + PC_2*2.0824988 + PC_3 + PC_3 - (-1)*0.17560415*PC_4 - 1*(-83.589264))
19,16.763384,0.00025975475692234046,(((((2.0311017 * PC_2) - (PC_1 * 1.5367559)) - -83.56698) + PC_3) + PC_3) - (-0.33583906 * (2.1327217 * PC_4)),-1.5367559*PC_1 + 2.0311017*PC_2 + PC_3 + PC_3 - (-1)*0.33583906*2.1327217*PC_4 - 1*(-83.56698),PySRFunction(X=>-1.5367559*PC_1 + 2.0311017*PC_2 + PC_3 + PC_3 - (-1)*0.33583906*2.1327217*PC_4 - 1*(-83.56698))
