complexity,loss,score,equation,sympy_format,lambda_format
3,21.836031,0.0,PC_3 - -87.366516,PC_3 - 1*(-87.366516),PySRFunction(X=>PC_3 - 1*(-87.366516))
5,21.122814,0.016603857496745318,42.3242 + (41.2741 - PC_1),-PC_1 + 41.2741 + 42.3242,PySRFunction(X=>-PC_1 + 41.2741 + 42.3242)
7,18.582928,0.06405518941194893,((1.8467053 - PC_2) * PC_3) - -87.366516,PC_3*(1.8467053 - PC_2) - 1*(-87.366516),PySRFunction(X=>PC_3*(1.8467053 - PC_2) - 1*(-87.366516))
9,18.261162,0.008733400134648328,(((41.2741 + 42.3242) - PC_1) + PC_3) + PC_2,-PC_1 + PC_2 + PC_3 + 41.2741 + 42.3242,PySRFunction(X=>-PC_1 + PC_2 + PC_3 + 41.2741 + 42.3242)
11,17.62756,0.017656461563985478,((((41.2741 + 42.3242) - PC_1) + PC_2) + PC_3) + PC_2,-PC_1 + PC_2 + PC_2 + PC_3 + 41.2741 + 42.3242,PySRFunction(X=>-PC_1 + PC_2 + PC_2 + PC_3 + 41.2741 + 42.3242)
13,17.475887,0.004320770660012117,(-25.533741 * (PC_1 / 21.615507)) - (-83.6304 - ((2.0587847 * PC_2) + PC_3)),-25.533741*PC_1/21.615507 - (-(2.0587847*PC_2 + PC_3) - 83.6304),PySRFunction(X=>-25.533741*PC_1/21.615507 - (-(2.0587847*PC_2 + PC_3) - 83.6304))
15,17.35004,0.003613616596020568,((-25.533741 - 7.6631255) * (PC_1 / 21.615507)) - (-83.6304 - ((2.0587847 * PC_2) + PC_3)),PC_1*(-25.533741 - 1*7.6631255)/21.615507 - (-(2.0587847*PC_2 + PC_3) - 83.6304),PySRFunction(X=>PC_1*(-25.533741 - 1*7.6631255)/21.615507 - (-(2.0587847*PC_2 + PC_3) - 83.6304))
17,16.922718,0.012468916145357561,(-25.533741 * (PC_1 / 21.615507)) - ((-83.6304 - ((2.0587847 * PC_2) + (PC_3 + PC_3))) - 0.38225964),-25.533741*PC_1/21.615507 - (-(2.0587847*PC_2 + PC_3 + PC_3) - 83.6304 - 1*0.38225964),PySRFunction(X=>-25.533741*PC_1/21.615507 - (-(2.0587847*PC_2 + PC_3 + PC_3) - 83.6304 - 1*0.38225964))
19,16.77974,0.004242386646227344,((-25.533741 - 7.6631255) * (PC_1 / 21.615507)) - ((-83.6304 - ((2.0587847 * PC_2) + PC_3)) + (PC_3 * -1.0937345)),PC_1*(-25.533741 - 1*7.6631255)/21.615507 - (PC_3*(-1.0937345) - (2.0587847*PC_2 + PC_3) - 83.6304),PySRFunction(X=>PC_1*(-25.533741 - 1*7.6631255)/21.615507 - (PC_3*(-1.0937345) - (2.0587847*PC_2 + PC_3) - 83.6304))
