complexity,loss,score,equation,sympy_format,lambda_format
1,87.16876,0.0,-0.59249026,-0.592490260000000,PySRFunction(X=>-0.592490260000000)
3,21.12281,0.7087462553073265,83.589226 - PC_1,83.589226 - PC_1,PySRFunction(X=>83.589226 - PC_1)
5,19.922106,0.029261764885236127,83.5819 + (PC_3 - PC_1),-PC_1 + PC_3 + 83.5819,PySRFunction(X=>-PC_1 + PC_3 + 83.5819)
7,18.26116,0.04352678473802882,83.5819 + ((PC_3 + PC_2) - PC_1),-PC_1 + PC_2 + PC_3 + 83.5819,PySRFunction(X=>-PC_1 + PC_2 + PC_3 + 83.5819)
9,17.439722,0.023012960998438803,PC_3 + ((1.7561588 * (PC_2 - PC_1)) - -83.81043),PC_3 + 1.7561588*(-PC_1 + PC_2) - 1*(-83.81043),PySRFunction(X=>PC_3 + 1.7561588*(-PC_1 + PC_2) - 1*(-83.81043))
11,16.880106,0.0163073546089323,PC_3 + (((1.7561588 * (PC_2 - PC_1)) - -83.81043) + PC_3),PC_3 + PC_3 + 1.7561588*(-PC_1 + PC_2) - 1*(-83.81043),PySRFunction(X=>PC_3 + PC_3 + 1.7561588*(-PC_1 + PC_2) - 1*(-83.81043))
13,16.787834,0.002740655680869407,PC_3 + ((((2.0311017 * PC_2) - (PC_1 * 1.5367559)) - -83.56698) + PC_3),-1.5367559*PC_1 + 2.0311017*PC_2 + PC_3 + PC_3 - 1*(-83.56698),PySRFunction(X=>-1.5367559*PC_1 + 2.0311017*PC_2 + PC_3 + PC_3 - 1*(-83.56698))
17,16.772095,0.0002344909781230485,(((PC_3 + ((PC_2 * 2.0824988) - (PC_1 * 1.6538442))) - -83.589264) + PC_3) - (-0.17560415 * PC_4),-1.6538442*PC_1 + PC_2*2.0824988 + PC_3 + PC_3 - (-1)*0.17560415*PC_4 - 1*(-83.589264),PySRFunction(X=>-1.6538442*PC_1 + PC_2*2.0824988 + PC_3 + PC_3 - (-1)*0.17560415*PC_4 - 1*(-83.589264))
19,16.726233,0.001369084112330641,(PC_3 + (((83.4329 + (PC_2 - ((PC_1 * 1.6304964) - -0.54734594))) + PC_2) + PC_3)) - (0.33167562 / PC_2),PC_2 + PC_2 + PC_3 + PC_3 - (PC_1*1.6304964 - 1*(-0.54734594)) + 83.4329 - 0.33167562/PC_2,PySRFunction(X=>PC_2 + PC_2 + PC_3 + PC_3 - (PC_1*1.6304964 - 1*(-0.54734594)) + 83.4329 - 0.33167562/PC_2)
