complexity,loss,score,equation,sympy_format,lambda_format
3,21.175642,0.0,83.56385 + PC_2,PC_2 + 83.56385,PySRFunction(X=>PC_2 + 83.56385)
5,19.564089,0.039577933505969325,(83.56385 - PC_1) + PC_2,-PC_1 + PC_2 + 83.56385,PySRFunction(X=>-PC_1 + PC_2 + 83.56385)
7,18.261158,0.03445970068854789,(PC_3 + (83.58924 - PC_1)) + PC_2,-PC_1 + PC_2 + PC_3 + 83.58924,PySRFunction(X=>-PC_1 + PC_2 + PC_3 + 83.58924)
11,17.62756,0.008828176020958924,((((41.2741 + 42.3242) - PC_1) + PC_2) + PC_3) + PC_2,-PC_1 + PC_2 + PC_2 + PC_3 + 41.2741 + 42.3242,PySRFunction(X=>-PC_1 + PC_2 + PC_2 + PC_3 + 41.2741 + 42.3242)
13,17.074102,0.015950386905980544,(PC_3 + ((63.036926 + ((PC_3 + 20.552353) + PC_2)) - PC_1)) + PC_2,-PC_1 + PC_2 + PC_2 + PC_3 + PC_3 + 20.552353 + 63.036926,PySRFunction(X=>-PC_1 + PC_2 + PC_2 + PC_3 + PC_3 + 20.552353 + 63.036926)
15,16.873827,0.005899544667173081,(((-0.816267 - 1.305896) / -0.045639314) - ((PC_1 - (PC_3 / 0.85853827)) - PC_2)) / 0.557042,(-(PC_1 - PC_2 - PC_3/0.85853827) + (-1*1.305896 - 0.816267)/(-0.045639314))/0.557042,PySRFunction(X=>(-(PC_1 - PC_2 - PC_3/0.85853827) + (-1*1.305896 - 0.816267)/(-0.045639314))/0.557042)
17,16.789059,0.0025181494888284086,((((30.6037 + 27.13933) + ((PC_1 * -1.555084) + 25.838787)) + PC_2) + (PC_3 + PC_3)) + PC_2,PC_1*(-1.555084) + PC_2 + PC_2 + PC_3 + PC_3 + 25.838787 + 27.13933 + 30.6037,PySRFunction(X=>PC_1*(-1.555084) + PC_2 + PC_2 + PC_3 + PC_3 + 25.838787 + 27.13933 + 30.6037)
19,16.77974,0.00027760898563560497,((-25.533741 - 7.6631255) * (PC_1 / 21.615507)) - ((-83.6304 - ((2.0587847 * PC_2) + PC_3)) + (PC_3 * -1.0937345)),PC_1*(-25.533741 - 1*7.6631255)/21.615507 - (PC_3*(-1.0937345) - (2.0587847*PC_2 + PC_3) - 83.6304),PySRFunction(X=>PC_1*(-25.533741 - 1*7.6631255)/21.615507 - (PC_3*(-1.0937345) - (2.0587847*PC_2 + PC_3) - 83.6304))
