complexity,loss,score,equation,sympy_format,lambda_format
3,21.122812,0.0,83.5891 - PC_1,83.5891 - PC_1,PySRFunction(X=>83.5891 - PC_1)
5,19.564089,0.03832895103793765,(83.56385 - PC_1) + PC_2,-PC_1 + PC_2 + 83.56385,PySRFunction(X=>-PC_1 + PC_2 + 83.56385)
7,18.261158,0.03445970068854789,(PC_3 + (83.58924 - PC_1)) + PC_2,-PC_1 + PC_2 + PC_3 + 83.58924,PySRFunction(X=>-PC_1 + PC_2 + PC_3 + 83.58924)
9,17.862846,0.011026688602143224,(((2.05893 * PC_2) - -86.49117) - PC_1) + PC_3,-PC_1 + 2.05893*PC_2 + PC_3 - 1*(-86.49117),PySRFunction(X=>-PC_1 + 2.05893*PC_2 + PC_3 - 1*(-86.49117))
11,17.023386,0.024067433738919536,((PC_2 - -82.96477) + (-1.4381034 * (PC_1 - PC_3))) + PC_2,PC_2 + PC_2 - 1.4381034*(PC_1 - PC_3) - 1*(-82.96477),PySRFunction(X=>PC_2 + PC_2 - 1.4381034*(PC_1 - PC_3) - 1*(-82.96477))
13,16.789454,0.0069185472877833516,(((PC_2 + (PC_1 * -1.5577797)) + (PC_3 - -83.70571)) + PC_3) + PC_2,PC_1*(-1.5577797) + PC_2 + PC_2 + PC_3 + PC_3 - 1*(-83.70571),PySRFunction(X=>PC_1*(-1.5577797) + PC_2 + PC_2 + PC_3 + PC_3 - 1*(-83.70571))
15,16.758888,0.0009111033999148806,((PC_2 + (PC_1 * -1.3047723)) + (((-1.3954968 / PC_2) + PC_3) - -81.56657)) + PC_2,PC_1*(-1.3047723) + PC_2 + PC_2 + PC_3 - 1*(-81.56657) - 1.3954968/PC_2,PySRFunction(X=>PC_1*(-1.3047723) + PC_2 + PC_2 + PC_3 - 1*(-81.56657) - 1.3954968/PC_2)
17,16.744967,0.00041550444870075214,(((PC_2 + (PC_1 * -1.5577797)) + (((-0.668536 / PC_2) + PC_3) - -83.70571)) + PC_3) + PC_2,PC_1*(-1.5577797) + PC_2 + PC_2 + PC_3 + PC_3 - 1*(-83.70571) - 0.668536/PC_2,PySRFunction(X=>PC_1*(-1.5577797) + PC_2 + PC_2 + PC_3 + PC_3 - 1*(-83.70571) - 0.668536/PC_2)
19,16.662828,0.0024586826371902244,((((PC_2 + (PC_1 * -1.398628)) + ((-0.8560205 / PC_2) - -83.1244)) + (PC_3 * 1.6522721)) + PC_2) + -0.79018205,PC_1*(-1.398628) + PC_2 + PC_2 + PC_3*1.6522721 - 0.79018205 - 1*(-83.1244) - 0.8560205/PC_2,PySRFunction(X=>PC_1*(-1.398628) + PC_2 + PC_2 + PC_3*1.6522721 - 0.79018205 - 1*(-83.1244) - 0.8560205/PC_2)
