complexity,loss,score,equation,sympy_format,lambda_format
3,21.122812,0.0,83.5891 - PC_1,83.5891 - PC_1,PySRFunction(X=>83.5891 - PC_1)
5,19.564089,0.03832895103793765,(83.56385 - PC_1) + PC_2,-PC_1 + PC_2 + 83.56385,PySRFunction(X=>-PC_1 + PC_2 + 83.56385)
7,18.261158,0.03445970068854789,(PC_3 + (83.58924 - PC_1)) + PC_2,-PC_1 + PC_2 + PC_3 + 83.58924,PySRFunction(X=>-PC_1 + PC_2 + PC_3 + 83.58924)
9,17.862846,0.011026688602143224,(((2.05893 * PC_2) - -86.49117) - PC_1) + PC_3,-PC_1 + 2.05893*PC_2 + PC_3 - 1*(-86.49117),PySRFunction(X=>-PC_1 + 2.05893*PC_2 + PC_3 - 1*(-86.49117))
11,17.023386,0.024067433738919536,((PC_2 - -82.96477) + (-1.4381034 * (PC_1 - PC_3))) + PC_2,PC_2 + PC_2 - 1.4381034*(PC_1 - PC_3) - 1*(-82.96477),PySRFunction(X=>PC_2 + PC_2 - 1.4381034*(PC_1 - PC_3) - 1*(-82.96477))
15,16.789051,0.0034652745066462484,(((62.842365 + (PC_1 * -1.5577228)) + ((PC_3 + PC_3) - -20.746935)) + PC_2) + PC_2,PC_1*(-1.5577228) + PC_2 + PC_2 + PC_3 + PC_3 - 1*(-20.746935) + 62.842365,PySRFunction(X=>PC_1*(-1.5577228) + PC_2 + PC_2 + PC_3 + PC_3 - 1*(-20.746935) + 62.842365)
17,16.779976,0.0002703384945019641,((16.325792 / 0.27221227) - PC_1) + (((2.0928795 * (PC_3 + PC_2)) - -23.612135) - (0.5577433 * PC_1)),-PC_1 - 0.5577433*PC_1 + 2.0928795*(PC_2 + PC_3) - 1*(-23.612135) + 16.325792/0.27221227,PySRFunction(X=>-PC_1 - 0.5577433*PC_1 + 2.0928795*(PC_2 + PC_3) - 1*(-23.612135) + 16.325792/0.27221227)
19,16.771717,0.00024615747905228736,(((2.5275915 * (PC_3 + PC_2)) - PC_1) - (-42.714405 / 0.5101597)) + ((-0.20826158 / (1.6220545 - PC_1)) / 0.5101597),-PC_1 + 2.5275915*(PC_2 + PC_3) - (-1)*42.714405/0.5101597 - 0.20826158/(0.5101597*(1.6220545 - PC_1)),PySRFunction(X=>-PC_1 + 2.5275915*(PC_2 + PC_3) - (-1)*42.714405/0.5101597 - 0.20826158/(0.5101597*(1.6220545 - PC_1)))
