complexity,loss,score,equation,sympy_format,lambda_format
3,21.836031,0.0,PC_3 - -87.366516,PC_3 - 1*(-87.366516),PySRFunction(X=>PC_3 - 1*(-87.366516))
5,21.122814,0.016603857496745318,42.3242 + (41.2741 - PC_1),-PC_1 + 41.2741 + 42.3242,PySRFunction(X=>-PC_1 + 41.2741 + 42.3242)
7,18.582928,0.06405518941194893,((1.8467053 - PC_2) * PC_3) - -87.366516,PC_3*(1.8467053 - PC_2) - 1*(-87.366516),PySRFunction(X=>PC_3*(1.8467053 - PC_2) - 1*(-87.366516))
17,18.305758,0.0015027654609226261,(((((21.324047 + 20.096954) + ((20.84714 + PC_2) + PC_3)) + -1.0010506) + 21.324036) - PC_1) + PC_4,-PC_1 + PC_2 + PC_3 + PC_4 - 1.0010506 + 20.096954 + 20.84714 + 21.324036 + 21.324047,PySRFunction(X=>-PC_1 + PC_2 + PC_3 + PC_4 - 1.0010506 + 20.096954 + 20.84714 + 21.324036 + 21.324047)
19,16.947376,0.03855132079149244,((((-0.816267 - 1.305896) / -0.045639314) - PC_1) - (((0.15408577 - PC_2) - (PC_3 + 0.85853827)) + 0.15408577)) / 0.557042,(-PC_1 - (-PC_2 - (PC_3 + 0.85853827) + 0.15408577 + 0.15408577) + (-1*1.305896 - 0.816267)/(-0.045639314))/0.557042,PySRFunction(X=>(-PC_1 - (-PC_2 - (PC_3 + 0.85853827) + 0.15408577 + 0.15408577) + (-1*1.305896 - 0.816267)/(-0.045639314))/0.557042)
